,RA,DEC
0,0.101344,-58.926418
1,1.352517,-1.335377
2,1.762895,-58.918779
3,2.201286,-31.328834
4,2.320414,-31.655634
5,2.353899,-58.800032
6,2.423255,-59.032076
7,2.430286,-59.667581
8,2.431761,-58.765551
9,2.469816,-0.355116
10,2.571096,-1.154469
11,2.620867,-28.796172
12,2.787076,-1.411305
13,2.808064,-1.276768
14,3.070676,-59.73484
15,3.13617,-59.725331
16,3.252398,-28.788093
17,3.297754,-59.016159
18,3.327426,-29.67492
19,3.373081,-1.034251
20,3.586657,-1.11767
21,3.599819,-58.85617
22,3.677969,-1.014905
23,3.88308,-59.061992
24,3.996565,-58.95425
25,4.048331,-1.090876
26,4.215801,-29.523918
27,4.25984,-1.39111
28,4.432922,-29.239128
29,5.020424,-0.733207
30,5.02447,-30.452508
31,5.028924,-29.044616
32,5.129329,-28.753297
33,5.130026,-31.406113
34,5.166526,-0.46618
35,5.195055,-1.053469
36,5.497291,-0.374391
37,5.554032,-30.986351
38,5.628462,-31.581549
39,5.675861,-29.271228
40,5.685748,-0.781139
41,5.750154,-30.763279
42,5.783662,-0.684185
43,5.937832,-0.735093
44,6.019746,-29.563768
45,6.056808999999999,-30.728737
46,6.150203,-0.72398
47,6.207033,-30.27815
48,6.270762,-29.95179
49,6.335838,-28.933025
50,6.401389,-1.264238
51,6.443912,-0.818357
52,6.479546,-30.613063
53,6.492082,-28.926574
54,6.526551,-0.815652
55,6.593901,-31.377831
56,6.602191,-1.158438
57,6.60363,-29.505272
58,6.710569,-31.246911
59,6.744989,-30.271901
60,6.820297,-28.889243
61,6.829816,-1.491987
62,6.959684,-29.273445
63,7.056324,-1.356955
64,7.080317,-30.470977
65,7.314061,-49.30738
66,7.343181,-1.288664
67,7.371636,-29.970504
68,7.428998,-49.707712
69,7.559434,-1.44537
70,7.565995,-0.798548
71,7.591259,-29.412713
72,7.668868,-48.889533
73,7.739033,-29.284486
74,7.768081,-29.012294
75,7.802737,-29.091709
76,7.876027,-0.928193
77,8.06435,-42.466206
78,8.102931,-42.256566
79,8.151158,-43.415522
80,8.17666,-0.97411
81,8.222769,-0.683412
82,8.263497,-0.634255
83,8.392792,-1.335364
84,8.406549,-0.582461
85,8.42023,-1.539135
86,8.447923,-30.084621
87,8.45879,-43.489573
88,8.467483,-0.612479
89,8.504198,-28.953903
90,8.531688,-48.468179
91,8.534796,-0.946082
92,8.722911,-0.637406
93,8.727488,-30.880208
94,8.754751,-30.133862
95,8.803643,-0.725881
96,8.942231,-31.184162
97,9.091291,-49.625479
98,9.161328,-42.70147
99,9.222093,-48.701045
100,9.27027,-0.973017
101,9.379201,-30.629483
102,9.417156,-1.459755
103,9.436289,-48.931337
104,9.488068,-1.305998
105,10.114679,-43.337638
106,10.204473,-0.3405269999999999
107,10.411155,-29.043552
108,10.550265,-31.650535
109,10.615411,-1.398831
110,10.696812,-30.249837
111,10.728896,-1.446565
112,10.754021,-30.079549
113,10.80394,-0.884118
114,10.813224,-29.387622
115,11.108574,-29.013755
116,11.333458,-1.310849
117,11.421785,-0.943125
118,11.502779,-28.817637
119,11.665007,-1.44975
120,11.858107,-29.151696
121,12.77163,-27.134515
122,12.814798,-29.045368
123,12.888527,-31.046768
124,12.953916,-27.078689
125,13.122618,-29.306791
126,13.128324,-30.165084
127,13.154355,-1.336645
128,13.253284,-28.736165
129,13.270968,-29.612106
130,13.355152,-28.156506
131,13.377574,-1.376042
132,13.433525,-27.389211
133,13.505428,-30.046043
134,13.686,-1.478269
135,13.697182,-0.782842
136,13.704239,-26.411513
137,13.74255,-1.513632
138,13.827426,-1.523119
139,13.857836,-1.387199
140,13.867548,-28.377746
141,13.875385,-28.223798
142,13.877042,-1.014528
143,13.89459,-1.138323
144,13.914234,-1.355396
145,13.923217,-1.138563
146,13.92613,-1.181685
147,13.937099,-1.465138
148,13.960433,-28.96736
149,13.965432,-29.80331
150,13.982896,-28.409838
151,14.013311,-28.119778
152,14.105545,-1.222471
153,14.111137,-0.565625
154,14.122462,-1.502394
155,14.147804,-1.276087
156,14.207079,-1.260846
157,14.245801,-0.958801
158,14.251969,-1.492007
159,14.255715,-26.837892
160,14.280331,-1.300902
161,14.284506,-0.675182
162,14.310431,-1.421123
163,14.315148,-1.203857
164,14.317713,-1.163893
165,14.325391,-1.207588
166,14.343582,-28.808239
167,14.368334,-1.494388
168,14.416031,-0.950811
169,14.427118,-0.368496
170,14.436073,-1.336693
171,14.449811,-1.301561
172,14.503185,-28.134957
173,14.512294,-0.999472
174,14.527237,-0.763119
175,14.541446,-28.09949
176,14.555187,-27.362966
177,14.596241,-27.846231
178,14.602744,-1.111152
179,14.638769,-30.405327
180,14.712278,-40.574867
181,14.739849,-1.252764
182,14.748747,-1.0216
183,14.823943,-28.85213
184,14.841749,-29.534332
185,14.871443,-40.038215
186,14.882324,-0.832062
187,14.966825,-40.321594
188,14.977626,-1.314214
189,14.986159,-0.929562
190,15.003574,-40.349917
191,15.106318,-29.838634
192,15.134725,-40.086679
193,15.162537,-29.541949
194,15.195709,-40.530596
195,15.225668,-29.528378
196,15.236888,-30.439541
197,15.241273,-1.153563
198,15.347134,-29.136378
199,15.396814,-39.627229
200,15.420056,-31.499428
201,15.427819,-1.428402
202,15.511134,-30.771995
203,15.553521,-29.514244
204,15.568345,-31.100568
205,15.676898,-29.906557
206,15.727989,-0.150453
207,15.752515,-40.229367
208,15.759536,-0.990409
209,15.766075,-30.787585
210,15.863033,-29.164612
211,16.004234,-0.871898
212,16.009344,-0.864903
213,16.022838,-30.457916
214,16.042654,-0.835725
215,16.060093,-0.848288
216,16.069577,-39.833438
217,16.07738,-30.243179
218,16.131277,-1.44852
219,16.174788,-0.780646
220,16.398772,-30.004978
221,16.42167,-39.893102
222,16.429555,-1.398791
223,16.495612,-1.492499
224,16.731203,-0.589914
225,16.742854,-0.62228
226,16.825395,-28.80582
227,16.849832,-0.68009
228,16.861115,-0.682901
229,16.867333,-0.412917
230,16.87473,-0.485937
231,16.881554,-0.212879
232,16.883065,-40.538925
233,16.991059,-0.748951
234,17.127728,-0.217397
235,17.133501,-0.653054
236,17.266887,-29.888894
237,17.268456,-0.913969
238,17.271918,-1.282894
239,17.308608,-34.894462
240,17.372577,-30.14602
241,17.379459,-29.441395
242,17.486822,-0.566156
243,17.519774,-1.075643
244,17.566762,-29.916547
245,17.629364,-30.072918
246,17.687282,-30.09387
247,17.697271999999998,-0.746876
248,17.727422,-31.64536
249,17.785048,-29.84431
250,17.7898,-29.538983
251,17.873743,-30.908017
252,18.098214,-28.901636
253,18.111928,-31.166013
254,18.149754,-30.203125
255,18.177959,-29.986961
256,18.195072,-30.993556
257,18.306415,-31.025055
258,18.417778,-32.025667
259,18.519147,-30.800411
260,18.536933,-32.070896
261,18.588561,-33.914878
262,18.653391,-30.78967
263,18.656306,-31.476209
264,18.673228,-1.017451
265,18.677231,-28.746831
266,18.677916,-1.097263
267,18.687595,-1.241558
268,18.70221,-30.96746
269,18.712385,-0.8158299999999999
270,18.733267,-29.747275
271,18.773148,-1.095427
272,18.859204,-30.490351
273,18.901483,-1.253828
274,18.902752,-1.254274
275,18.969427,-1.307608
276,19.124801,-1.155255
277,19.164487,-31.903098
278,19.21073,-32.31503
279,19.229044,-0.924272
280,19.386936,-1.243414
281,19.42794,-1.367755
282,19.459754,-1.143846
283,19.509508,-30.188743
284,19.638664,-0.792184
285,19.684345,-1.071834
286,19.708409,-1.168168
287,19.726325,-34.274515
288,19.78337,-29.316426
289,19.83172,-1.182415
290,19.863968,-1.406984
291,19.920385,-1.332221
292,19.929319,-34.38395
293,20.113117,-30.284362
294,20.225894,-30.266753
295,20.273673,-29.794947
296,20.315273,-0.58639
297,20.323048,-29.726223
298,20.339792,-35.131687
299,20.403318,-0.608334
300,20.438688,-30.431287
301,20.481405,-0.741002
302,20.489487,-30.446801
303,20.518247,-30.500379
304,20.569694,-1.189497
305,20.5837,-30.917266
306,20.592771,-1.150015
307,20.594929,-27.932001
308,20.654989,-0.822609
309,20.655881,-0.872045
310,20.788534,-1.474075
311,20.907332,-29.832557
312,20.92417,-29.567557
313,20.933086,-30.020743
314,20.946827,-1.290771
315,20.998476,-1.412108
316,21.052152,-1.264884
317,21.055424,-30.689434
318,21.101574,-1.225235
319,21.117812,-1.417736
320,21.173728,-30.611904
321,21.193755,-30.695277
322,21.203631,-1.342164
323,21.204253,-1.281096
324,21.210725,-1.268574
325,21.226893,0.739352
326,21.247771,-1.307589
327,21.270508,-1.478839
328,21.296387,-30.453923
329,21.304651,-1.428416
330,21.307406,-1.531816
331,21.341767,-1.121986
332,21.344767,-1.43216
333,21.366789,-1.333297
334,21.367035,-1.373676
335,21.3736,-1.496106
336,21.378927,-1.330295
337,21.397426,-30.033164
338,21.408407,-1.37013
339,21.41536,-1.117825
340,21.420883,-1.35067
341,21.425011,-30.126448
342,21.444102,-1.445116
343,21.445898,-1.315357
344,21.477651,-1.248213
345,21.493382,-1.278058
346,21.533046,-1.361506
347,21.551467,-0.997881
348,21.551744,-1.373407
349,21.56128,-1.465325
350,21.577068,-0.993789
351,21.577761,-1.402778
352,21.586673,-1.250244
353,21.611439,-1.407119
354,21.630321,-1.43629
355,21.6332,-27.862764
356,21.638445,-1.346859
357,21.638799,-1.313882
358,21.685869,-0.799601
359,21.694705,-1.31727
360,21.698922,-1.211923
361,21.709488,-1.379913
362,21.714707,-29.203715
363,21.723543,-1.056029
364,21.774396,-1.201019
365,21.791995,-1.399785
366,21.824086,-27.435826
367,21.825691,-1.268615
368,21.84949,-1.164407
369,21.913663,-29.199952
370,21.923295,-1.313872
371,21.934226,-1.353065
372,21.953683,-1.090614
373,21.988651,-1.19482
374,22.008292,-29.156995
375,22.011383,-0.770367
376,22.023544,-0.929454
377,22.082877,-1.374367
378,22.213137,-1.040986
379,22.227169,-28.865423
380,22.246958,-30.172182
381,22.328695,-0.812062
382,22.330395,-0.812343
383,22.339837,-28.018751
384,22.367134,-1.304542
385,22.377032,-28.392252
386,22.449842,-0.703212
387,22.462938,-0.78189
388,22.465811,-0.917944
389,22.478304,-1.39045
390,22.696354,-0.27548
391,22.74716,-31.35551
392,22.844022,-0.811931
393,22.873799,-0.578844
394,22.884744,-1.076715
395,23.008053,-0.888018
396,23.015765,-29.269832
397,23.020471,-0.697836
398,23.125141,-0.640144
399,23.308454,-29.496374
400,23.31055,-0.855141
401,23.350065,-29.258897
402,23.491809,-1.042676
403,23.698056,-29.004331
404,23.713696,-29.1715
405,23.772244,-1.230839
406,23.782956,-29.159284
407,23.874231,-29.866429
408,24.00979,-27.493382
409,24.087412,-29.5429
410,24.112246,-30.137015
411,24.14945,-28.236912
412,24.242499,-0.963006
413,24.470079,-27.711292
414,24.532832,-1.2769
415,24.559327,-28.649372
416,24.572835,-33.310586
417,24.677828,-1.232638
418,24.709208,-27.482087
419,24.749093,-29.075698
420,24.755907,-29.647155
421,24.760856,-28.279785
422,24.777269,-29.96216
423,24.826417,-0.684361
424,24.832056,-28.905669
425,24.879568,-28.980771
426,25.188219,-27.772761
427,25.361018,-0.599296
428,25.444965,-28.290418
429,25.455402,-29.133642
430,25.590944,-0.374
431,25.700385,-1.004677
432,25.833666,-1.386936
433,25.890566,-29.673279
434,25.958655,-0.823042
435,25.959498,-35.193364
436,26.056731,-35.484333
437,26.20758,0.263486
438,26.241712,-29.682861
439,26.333036,-29.061726
440,26.486185,-30.310944
441,26.490797,-29.665613
442,26.516491,-1.157719
443,26.727234,-31.216974
444,26.751277,-31.559417
445,26.814598,-35.678077
446,26.825117,-30.102448
447,26.830106,-29.466451
448,26.927322,-27.865334
449,27.103691,-34.912848
450,27.168545,-34.877421
451,27.200211,-29.182855
452,27.2271,-28.880073
453,27.294914,-35.225936
454,27.312605,-28.465368
455,27.381658,-29.866656
456,27.410088,-1.388592
457,27.463998,-29.615483
458,27.46733,-1.302792
459,27.501447,-27.550739
460,27.654484,-28.859775
461,27.82703,-29.330357
462,28.008096,-29.391148
463,28.066784,-0.825693
464,28.301618,-28.661409
465,28.321018,-1.446146
466,28.396532,-0.92574
467,28.400376,-29.421159
468,28.409924,-35.593985
469,28.497888,-0.49257
470,28.539523,-0.681406
471,28.556755,-35.62611
472,28.580374,-35.260631
473,28.673693,-0.683937
474,28.770144,-28.183776
475,28.967352,-28.157397
476,28.996506,-30.849135
477,29.063197,-30.053535
478,29.153872,-1.094561
479,29.205078,-35.040697
480,29.306688,-28.567757
481,29.324578,-1.216831
482,29.475817,-31.235573
483,29.489778,-29.469595
484,29.625814,-35.470863
485,29.850407,-1.258933
486,29.904052,-35.252059
487,29.963441,-28.145269
488,30.027479,-1.272079
489,30.045371,-29.26771
490,30.046084,-28.142707
491,30.088033,-28.78378
492,30.097936,-1.412082
493,30.099179,-46.567805
494,30.19366,-0.883967
495,30.206163,-29.870499
496,30.268008,-30.204663
497,30.294494,-28.909148
498,30.364044,-1.316125
499,30.595626,-1.293339
500,30.658297,-35.479242
501,30.719455,-1.222069
502,30.727264,-0.244165
503,30.797009,-1.257032
504,30.808119,-1.247378
505,30.972505,-1.479828
506,31.131434,-46.411707
507,31.157731,-46.228339
508,31.276208,-0.717533
509,31.615044,-46.62556
510,31.629255,-35.340452
511,31.806392,-47.241255
512,31.835587,-46.190272
513,31.84557,-1.271373
514,31.852481,-1.410276
515,32.003077,1.394459
516,32.097885,-46.134662
517,32.197041,-35.499577
518,32.310193,-30.205843
519,32.335492,-46.516818
520,32.394634,-1.362516
521,32.433219,-46.51963
522,32.592853,-35.573056
523,32.689743,-33.454912
524,32.724001,-1.36936
525,32.74475,-34.75094
526,32.786615,-1.485031
527,32.88566,-1.533456
528,33.062083,-32.1012
529,33.091549,-30.269738
530,33.27534,-1.167304
531,33.301774,-1.373755
532,33.429873,-31.381786
533,33.555437,-51.368069
534,33.611041,-51.755178
535,33.640161,-0.814387
536,34.020493,-51.19424
537,34.064285,-1.170628
538,34.428713,-35.290989
539,34.459788,-35.452855
540,34.533747,-31.451878
541,34.706747,-35.222293
542,34.924331,-51.703823
543,34.971259,-1.039498
544,34.975617,-35.405797
545,35.026601,-51.080386
546,35.198,-33.409224
547,35.209889,-52.050227
548,35.336271,-34.515061
549,35.487478,-51.456214
550,35.559595,-51.337949
551,35.565089,-35.279625
552,35.643181,-51.855159
553,35.657065,-51.703147
554,35.689316,-0.795367
555,35.933445,-51.616457
556,36.009771,-52.326199
557,36.073505,-35.536422
558,36.181203,-0.434703
559,36.192546,-0.928311
560,36.2916,-0.972024
561,36.325336,-0.386906
562,36.449453,-0.485996
563,36.482656,-0.801622
564,36.562097,-44.538316
565,36.573412,-1.418786
566,36.659969,-44.428158
567,36.667117,-43.949029
568,36.706524,-44.202269
569,36.712301,-44.425567
570,36.729659,-44.367554
571,36.741887,-44.474907
572,36.748824,-44.900404
573,36.821711,-38.7834
574,36.853332,-0.439513
575,36.940124,-44.055805
576,36.961098,-44.047001
577,37.016936,-1.455276
578,37.075817,-43.272183
579,37.166876,-35.082667
580,37.194748,-1.203271
581,37.244624,-0.757488
582,37.280258,-48.532261
583,37.302488,-38.546341
584,37.327919,-38.616166
585,37.381218,-44.735834
586,37.397028,-0.807322
587,37.441908,-38.46183
588,37.442983,-47.910354
589,37.46308,-1.168298
590,37.472249,-30.182588
591,37.531146,-43.678984
592,37.643805,-44.594805
593,37.669592,-42.099334
594,37.758824,-35.084434
595,37.785847,-41.970745
596,37.788492,-42.20614
597,37.816176,-41.980027
598,37.842503,-34.391707
599,37.847599,-44.485245
600,37.905069,-43.670248
601,37.908,-35.250156
602,37.933914,-34.474607
603,37.956077,-39.25338
604,38.012176,-34.434946
605,38.041338,-44.622069
606,38.054747,-44.671318
607,38.135112,-1.318151
608,38.14801,-39.250282
609,38.159187,-1.033774
610,38.288745,-39.116332
611,38.354077,-47.195622
612,38.390695,-39.459794
613,38.43859,-40.307287
614,38.4633,-39.250002
615,38.492762,-39.505112
616,38.527142,-38.600569
617,38.531011,-0.735238
618,38.545893,-0.79983
619,38.572715,-30.128
620,38.585271,-38.763841
621,38.599908,-35.551041
622,38.615386,-0.760413
623,38.715515,-0.942677
624,38.774396,-40.016367
625,38.798101,-50.376851
626,38.840663,-30.343323
627,38.92634,-50.59812
628,38.977274,-0.354453
629,39.056388,-0.701164
630,39.068876,-0.872544
631,39.144548,-1.270938
632,39.181355,-51.39521
633,39.241119,-50.34914
634,39.347462,-40.26166
635,39.377582,-50.89316
636,39.387135,-39.802794
637,39.496721,-1.344334
638,39.520293,-0.284637
639,39.567247,-40.509271
640,39.579997,-50.654133
641,39.591586,-1.324274
642,39.742082,-51.240213
643,39.838597,-35.630852
644,39.954851,-50.061136
645,40.019313,-51.237059
646,40.03761,-0.911937
647,40.122443,-50.373351
648,40.160002,-31.043475
649,40.201569,-0.95414
650,40.302015,-35.143495
651,40.351416,-50.741177
652,40.432759,-30.257298
653,40.475664,-35.533296
654,40.508856,-1.24969
655,40.539399,-35.266967
656,40.596131,-30.273539
657,40.659736,-30.163506
658,40.667754,-50.627259
659,40.687468,-50.332766
660,40.930108,-34.690445
661,41.133731,-50.46381
662,41.353219,-1.00734
663,41.392495,1.132143
664,41.648337,-1.283004
665,41.711092,-35.288057
666,41.751691,-30.168951
667,41.772605,-30.151771
668,41.837212,-30.072639
669,41.884718,0.552214
670,41.890041,-0.840161
671,41.970144,-1.370243
672,42.041885,-1.503152
673,42.070362,-0.184338
674,42.085459,-1.033765
675,42.118672,-0.537267
676,42.127402,-34.061524
677,42.158678,-54.062104
678,42.217932,-0.512219
679,42.247124,-0.50293
680,42.274178,-0.717097
681,42.275879,-0.581895
682,42.301041,-0.822343
683,42.34232,-1.192923
684,42.346752,-0.749337
685,42.349432,-0.824305
686,42.372586,-1.051225
687,42.39192,-53.772469
688,42.445838,-1.177492
689,42.456516,-54.948822
690,42.550323,-54.828975
691,42.567918,0.06931
692,42.707394,-1.016576
693,42.717976,-35.366306
694,42.783495,-0.751336
695,42.814666,-0.705237
696,42.817276,-35.245826
697,42.895576,-1.101419
698,42.900684,-34.99229
699,42.973662,-34.922427
700,42.982631,-0.7149
701,43.000132,-1.151332
702,43.026741,-1.012955
703,43.095346,-1.040655
704,43.157196,-1.354098
705,43.160367,-1.155186
706,43.191501,-54.030563
707,43.194166,-1.064752
708,43.203065,-1.308905
709,43.213975,-35.409475
710,43.294714,1.378887
711,43.304809,-1.289136
712,43.33311,-35.565936
713,43.335951,-35.556683
714,43.348513,-1.276905
715,43.3689,-30.331381
716,43.398771,-30.829672
717,43.499171,-1.183789
718,43.501865,-1.469625
719,43.506873,0.007692
720,43.520646,-1.338253
721,43.860694,-54.32774
722,43.931338,-0.165247
723,43.935318,-34.76422
724,43.946374,0.761926
725,43.977281,-0.600731
726,43.996434,-54.507906
727,44.001257,-54.58093
728,44.00973,-30.312081
729,44.175473,-35.658951
730,44.265187,-0.236332
731,44.268178,-34.303014999999995
732,44.381598,-35.091578
733,44.422003,-36.866148
734,44.483699,-1.232236
735,44.516531,0.06027
736,44.7294,-36.993669
737,44.755375,-36.6814
738,44.761072,-36.930369
739,45.040308,-37.891958
740,45.262599,-37.155679
741,45.356964,-38.134294
742,45.391006,-36.337965
743,45.527436,-37.615197
744,45.689409,-39.50714
745,45.717076,-37.032507
746,45.951348,-39.308333
747,45.953463,-39.033161
748,45.974894,-35.78111
749,46.007878,-37.625072
750,46.013595,-39.398291
751,46.024103,-35.668976
752,46.08967,-39.200831
753,46.163951,-39.197189
754,46.230828,-39.30196
755,46.250963,-30.746396
756,46.253299,-38.408221
757,46.266287,-39.566491
758,46.321595,-56.218188
759,46.3701,-37.878336
760,46.432322,-37.668679
761,46.526202,-36.676311
762,46.543428,-39.062573
763,46.572981,-39.034722
764,46.582464,-39.007184
765,46.658863,-36.766035
766,46.763155,-34.809752
767,46.829477,-39.98757
768,46.864611,-30.383824
769,46.888691,-35.654524
770,46.906633,-37.441588
771,46.939239,-40.75563
772,46.968291,-35.370646
773,46.990332,-35.992663
774,47.051045,-36.63955
775,47.093579,-32.804854
776,47.101882,-50.925436
777,47.107093,-36.69921
778,47.109036,-56.131153
779,47.189993,-39.978988
780,47.238775,-35.193598
781,47.284585,-40.10595
782,47.333357,-36.509242
783,47.354873,-41.082441
784,47.372441,-41.598798
785,47.381225,-40.789081
786,47.404942,-40.819352
787,47.424465,-35.539415
788,47.455844,-40.692072
789,47.465512,-41.303772
790,47.479979,-50.617068
791,47.49844,-38.082188
792,47.597764,-39.626685
793,47.600972,-36.214708
794,47.660453,-39.727737
795,47.737645,-40.721619
796,47.8162,-39.956854
797,47.874764,-56.330663
798,47.89224,-39.116999
799,47.975271,-36.988875
800,47.981528,-55.366602
801,47.997364,-50.304028
802,48.009037,-50.331692
803,48.019858,-50.460732
804,48.041769,-42.02693
805,48.061925,-41.733342
806,48.065189,-36.347636
807,48.112639,-38.735779
808,48.112996,-55.970359
809,48.140875,-30.306612
810,48.181855,-34.385943
811,48.204428,-39.197274
812,48.206589,-50.297888
813,48.220206,-50.888714
814,48.281929,-37.561953
815,48.332349,-30.454517
816,48.365827,-50.801439
817,48.38534,-38.749807
818,48.441383,-41.724001
819,48.452767,-40.70553
820,48.500274,-40.288671
821,48.560508,-50.288107
822,48.575213,-55.820975
823,48.581414,-37.846772
824,48.597356,-39.001346
825,48.607614,-40.594044
826,48.638993,-39.916416
827,48.66843,-55.605305
828,48.680638,-55.916159
829,48.703425,-39.010008
830,48.801404,-36.883414
831,48.849756,-51.024891
832,48.903015,-38.322884
833,48.92643,-55.722406
834,48.961221,-35.277716
835,48.969368,-34.686355
836,48.984242,-34.903057
837,49.012759,-39.372357
838,49.047083,-36.569562
839,49.082929,-55.442538
840,49.08856,-34.605096
841,49.090594,-50.656614
842,49.09247,-35.81537
843,49.22767,-40.372583
844,49.233885,-39.128653
845,49.240066,-38.479802
846,49.255884,-41.700134
847,49.26784,-30.116094
848,49.293482,-44.274599
849,49.33528,-39.269317
850,49.372461,-40.972432
851,49.381323,-36.091657
852,49.389531,-44.582349
853,49.414719,-38.522547
854,49.423737,-37.144187
855,49.4665,-36.765218
856,49.490879,-44.47587
857,49.522806,-37.33949
858,49.543624,-38.505171
859,49.559212,-44.794113
860,49.595007,-41.410558
861,49.627003,-35.008371
862,49.64846,-30.49272
863,49.679532,-41.024026
864,49.69093,-35.54578
865,49.696417,-42.199608
866,49.797896,-50.889813
867,49.825274,-34.92249
868,49.842883,-37.587159
869,49.907355,-40.421091
870,49.910601,-37.511476
871,49.949498,-38.232081
872,49.96753,-37.008027
873,50.045995,-36.209191
874,50.059862,-36.675343
875,50.102881,-42.105626
876,50.121329,-38.985898
877,50.1798,-39.296003
878,50.180535,-39.178173
879,50.18099,-39.218574
880,50.252423,-45.12941
881,50.29064,-37.194331
882,50.291686,-43.0765
883,50.300105,-36.2655
884,50.30336,-45.877726
885,50.328872,-38.82839
886,50.378415,-45.271534
887,50.395589,-41.195592
888,50.417972,-43.826735
889,50.484908,-41.291369
890,50.501925,-42.908108
891,50.502312,-45.198935
892,50.521249,-39.19864
893,50.559431,-40.609245
894,50.565972,-50.332015
895,50.579857,-38.196642
896,50.586365,-36.570198
897,50.606909,-41.420723
898,50.612463,-56.296302
899,50.668023,-42.693695
900,50.711813,-35.960995
901,50.73365,-41.39729
902,50.742406,-41.095494
903,50.748257,-36.765915
904,50.834272,-35.629862
905,50.838249,-37.11311
906,50.863001,-36.438427
907,50.868678,-37.847901
908,50.878795,-36.825373
909,50.882147,-43.95186
910,50.889818,-36.982758
911,50.900362,-39.60194
912,50.915728,-37.094888
913,50.936298,-44.961395
914,50.942441,-43.978898
915,50.983632,-44.823635
916,51.016457,-43.392696
917,51.028726,-36.381714
918,51.031961,-50.807109
919,51.067096,-35.69865
920,51.069943,-43.88479
921,51.120973,-40.637607
922,51.129732,-36.64521
923,51.137909,-30.182961
924,51.146135,-40.221867
925,51.154639,-42.77311
926,51.161496,-50.732869
927,51.162625,-37.584774
928,51.192055,-37.058443
929,51.211012,-45.983143
930,51.224844,-37.598293
931,51.282101,-36.686592
932,51.337368,-38.844515
933,51.342178,-37.072316
934,51.385451,-51.349733
935,51.442564,-35.509868
936,51.475941,-36.71363
937,51.477043,-30.226791
938,51.503208,-36.794189
939,51.503503,-39.616861
940,51.505068,-37.570302
941,51.534618,-43.634971
942,51.594127,-40.495474
943,51.611833,-46.617312
944,51.617219,-36.953627
945,51.648427,-36.527322
946,51.64854,-37.315244
947,51.668263,-35.185204
948,51.68016,-51.133212
949,51.681033,-37.298938
950,51.708442,-57.960662
951,51.722927,-37.392901
952,51.725532,-35.518479
953,51.731412,-37.547729
954,51.776197,-40.214759
955,51.777541,-31.107529
956,51.798517,-37.0625
957,51.800642,-46.13945
958,51.833024,-36.454282
959,51.84026,-36.146579
960,51.85838,-39.690511
961,51.869532,-34.947582
962,51.89863,-36.141745
963,51.905221,-47.260808
964,51.927674,-35.726751
965,51.932439,-42.498085
966,51.943066,-38.439915
967,51.95912,-30.787147
968,51.975611,-37.375695
969,52.000389,-35.07893
970,52.002021,-38.537289
971,52.062143,-40.641296
972,52.067247,-35.537596
973,52.068915,-36.928905
974,52.09926,-34.976559
975,52.127875,-39.507567
976,52.136053,-30.066624
977,52.147376,-37.356767
978,52.162168,-35.894824
979,52.172281,-39.335587
980,52.176336,-35.885094
981,52.18423,-48.817121
982,52.231354,-30.961733
983,52.238656,-36.43696
984,52.247867,-44.197188
985,52.257726,-37.360604
986,52.279944,-36.161572
987,52.287913,-48.974931
988,52.290198,-41.414121
989,52.300461,-36.326471
990,52.311361,-39.110094
991,52.312031,-34.921756
992,52.317926,-37.985426
993,52.318078,-49.824531
994,52.324906,-39.942045
995,52.331972,-30.361398
996,52.338585,-37.338165
997,52.359108,-35.603981
998,52.390348,-35.86807
999,52.393423,-36.703161
1000,52.400129,-46.42115
1001,52.403365,-37.790024
1002,52.424968,-36.410457
1003,52.425426,-36.221444
1004,52.441691,-56.746115
1005,52.451312,-56.767797
1006,52.5216,-57.773866
1007,52.543128,-34.801194
1008,52.575252,-35.075737
1009,52.598611,-37.579939
1010,52.599631,-56.682803
1011,52.652489,-35.041737
1012,52.654797,-44.045596
1013,52.661208,-35.227282
1014,52.663472,-36.485924
1015,52.694269,-35.354625
1016,52.755157,-35.637583
1017,52.761728,-49.380507
1018,52.775538,-46.054013
1019,52.816628,-49.552344
1020,52.821488,-57.477844
1021,52.836235,-35.819494
1022,52.862465,-35.493999
1023,52.912735,-36.276814
1024,52.945986,-35.676084
1025,52.953192,-35.582602
1026,52.98272,-38.245994
1027,53.002367,-58.468567
1028,53.01302,-38.20461
1029,53.021962,-35.42568
1030,53.043107,-38.119289
1031,53.071791,-43.575902
1032,53.114181,-35.775578
1033,53.124222,-36.088536
1034,53.151086,-52.577168
1035,53.153958,-38.159505
1036,53.161539,-37.654664
1037,53.164341,-45.742366
1038,53.165127,-39.150967
1039,53.184629,-42.473179
1040,53.188397,-55.385014
1041,53.195489,-37.641938
1042,53.199825,-48.433813
1043,53.202247,-35.945925
1044,53.202515,-36.153058
1045,53.203551,-44.271615
1046,53.219045,-45.340643
1047,53.23925,-35.737459
1048,53.242678,-37.270621
1049,53.260693,-45.855232
1050,53.260725,-36.924075
1051,53.263832,-36.443181
1052,53.277472,-49.202575
1053,53.292488,-52.450375
1054,53.303639,-38.234624
1055,53.319154,-36.094168
1056,53.324686,-38.867862
1057,53.342599,-35.605567
1058,53.348916,-47.761809
1059,53.359121,-39.016413
1060,53.365517,-35.964665
1061,53.375396,-38.08894
1062,53.383887,-35.661762
1063,53.387769,-35.70434
1064,53.399655,-39.072157
1065,53.423465,-50.06102
1066,53.428761,-44.630682
1067,53.43551,-48.114388
1068,53.451776,-35.836206
1069,53.47141,-41.57458
1070,53.476592,-57.774384
1071,53.482611,-37.734903
1072,53.499053,-35.759097
1073,53.520813,-42.583998
1074,53.534274,-36.068729
1075,53.5499,-36.287528
1076,53.559878,-43.436235
1077,53.561244,-44.583203
1078,53.568236,-36.58974
1079,53.576878,-44.816546
1080,53.583638,-45.722221
1081,53.631609,-47.66757
1082,53.634221,-49.597733
1083,53.642281,-55.187473
1084,53.650945,-52.595017
1085,53.666991,-39.528449
1086,53.68404,-49.590018
1087,53.695375,-40.652082
1088,53.707613,-40.173714
1089,53.71694,-35.623373
1090,53.719685,-35.569539
1091,53.782723,-57.973253
1092,53.798111,-35.32293
1093,53.801581,-36.575453
1094,53.806037,-30.133662
1095,53.813554,-52.467514
1096,53.848431,-37.618238
1097,53.849332,-36.091517
1098,53.854999,-36.178953
1099,53.865296,-48.670698
1100,53.876825,-35.251715
1101,53.878624,-54.935186
1102,53.893336,-54.846031
1103,53.895389,-38.025707
1104,53.914333,-41.674215
1105,53.928192,-35.338335
1106,53.932752,-52.074044
1107,53.936857,-45.426789
1108,53.942941,-35.989321
1109,53.990241,-55.182307
1110,53.99121,-35.347957
1111,54.004331,-36.258011
1112,54.008268,-56.546938
1113,54.013178,-56.338114
1114,54.016703,-35.38874
1115,54.020066,-37.615403
1116,54.02465,-51.261063
1117,54.030814,-60.282445
1118,54.034884,-42.595105
1119,54.043955,-56.652839
1120,54.047089,-40.591227
1121,54.068595,-39.832987
1122,54.071514,-55.203331
1123,54.078241,-40.736579
1124,54.081126,-53.608517
1125,54.098108,-35.911575
1126,54.099843,-37.163933
1127,54.105041,-35.70316
1128,54.116534,-35.210708
1129,54.129144,-35.765478
1130,54.146903,-56.951094
1131,54.153385,-37.36541
1132,54.15524,-35.385871
1133,54.161613,-54.161968
1134,54.165186,-40.242833
1135,54.17261,-54.967114
1136,54.17889,-52.825321
1137,54.197224,-54.886393
1138,54.205333,-36.229669
1139,54.211843,-54.94345
1140,54.226628,-35.74704
1141,54.243686,-38.131688
1142,54.249277,-35.343281
1143,54.261229,-34.875665
1144,54.264187,-35.800635
1145,54.273149,-54.947511
1146,54.275727,-34.98302
1147,54.292866,-35.888279
1148,54.303729,-36.257883
1149,54.305162,-53.023555
1150,54.309036,-52.985385
1151,54.314414,-36.841891
1152,54.321156,-51.504788
1153,54.325228,-54.918401
1154,54.332883,-35.521568
1155,54.335795,-34.899227
1156,54.350871,-57.440047
1157,54.364505,-35.962953
1158,54.364702,-52.329324
1159,54.385132,-36.544617
1160,54.391801,-35.829187
1161,54.392008,-51.154001
1162,54.393142,-39.388129
1163,54.410686,-35.385424
1164,54.416984,-44.936419
1165,54.421407,-35.296178
1166,54.424889,-35.95524
1167,54.427774,-37.208443
1168,54.430691,-55.090543
1169,54.432026,-36.726545
1170,54.434893,-38.010924
1171,54.442227,-35.052612
1172,54.457452,-52.781661
1173,54.481544,-37.855999
1174,54.490085,-48.425835
1175,54.491655,-38.326994
1176,54.514338,-40.32613
1177,54.526259,-36.049998
1178,54.531027,-38.092606
1179,54.541953,-38.632256
1180,54.545568,-44.24656
1181,54.562418,-39.365091
1182,54.580216,-36.06553
1183,54.589493,-44.879122
1184,54.591217,-54.573256
1185,54.605472,-38.645127
1186,54.606691,-40.8114
1187,54.607261,-38.181809
1188,54.613638,-35.152092
1189,54.63931,-47.344623
1190,54.652558,-35.834042
1191,54.655125,-35.917044
1192,54.656909,-35.757612
1193,54.664045,-36.558175
1194,54.667492,-46.815544
1195,54.67361,-36.727348
1196,54.674979,-48.762172
1197,54.675723,-51.005001
1198,54.676069,-35.55211
1199,54.67611,-59.858128
1200,54.689085,-35.266298
1201,54.725707,-41.962358
1202,54.726122,-34.825533
1203,54.729797,-35.236535
1204,54.740668,-35.184946
1205,54.751989,-46.092498
1206,54.753582,-36.338585
1207,54.772514,-55.14485
1208,54.779575,-35.122766
1209,54.78548,-54.588631
1210,54.824327,-36.962059
1211,54.832398,-45.966451
1212,54.832695,-40.910576
1213,54.842076,-55.431913
1214,54.847925,-50.826195
1215,54.871593,-54.239333
1216,54.876266,-53.563341
1217,54.876825,-43.463636
1218,54.900469,-51.274039
1219,54.906944,-36.553011
1220,54.912351,-39.724731
1221,54.923616,-35.531708
1222,54.928463,-59.503612
1223,54.941371,-42.542812
1224,54.94252,-54.592977
1225,54.957854,-36.63425
1226,54.95869,-35.522829
1227,54.964224,-35.322099
1228,54.977249,-34.696118
1229,54.977903,-45.830496
1230,54.980735,-35.662161
1231,55.00048,-55.278107
1232,55.015132,-38.738609
1233,55.021325,-34.652179
1234,55.025549,-36.23392
1235,55.029331,-36.559908
1236,55.040667,-35.836299
1237,55.040856,-34.447183
1238,55.056673,-56.742075
1239,55.05903,-42.381627
1240,55.065308,-35.662864
1241,55.071604,-36.534738
1242,55.071671,-38.08663
1243,55.074818,-40.813718
1244,55.076795,-51.283034
1245,55.081527,-59.066482
1246,55.085498,-37.644034
1247,55.086434,-48.727807
1248,55.0933,-55.503846
1249,55.11145,-35.419718
1250,55.120364,-55.118296
1251,55.131797,-54.979211
1252,55.139796,-38.000288
1253,55.139966,-35.888198
1254,55.142687,-37.851791
1255,55.157343,-36.121396
1256,55.165626,-38.706474
1257,55.168727,-34.94879
1258,55.174256,-55.100331
1259,55.200564,-39.554804
1260,55.2076,-35.023816
1261,55.220439,-35.117858
1262,55.220884,-45.434144
1263,55.22631,-37.51644
1264,55.235952,-40.016341
1265,55.23639,-34.713061
1266,55.240769,-51.55636
1267,55.241555,-37.88891
1268,55.243852,-51.091022
1269,55.244353,-54.441083
1270,55.244792,-46.592842
1271,55.250486,-46.347122
1272,55.25327,-35.742518
1273,55.265981,-34.954163
1274,55.274324,-40.526385
1275,55.278843,-50.917531
1276,55.278966,-35.690484
1277,55.280608,-35.514416
1278,55.286336,-36.931861
1279,55.293487,-52.263324
1280,55.298829,-34.921152
1281,55.303575,-35.1586
1282,55.311248,-35.450951
1283,55.311479,-54.85181
1284,55.332955,-43.478674
1285,55.339105,-35.948645
1286,55.342628,-39.800093
1287,55.342759,-44.337941
1288,55.346794,-54.439179
1289,55.347651,-36.653792
1290,55.348943,-55.239335
1291,55.349498,-36.080545
1292,55.353008,-44.279659
1293,55.358554,-34.254478
1294,55.360632,-44.323589
1295,55.364811,-42.122149
1296,55.366821,-47.78224
1297,55.380127,-36.922897
1298,55.380389,-48.750536
1299,55.391222,-47.464294
1300,55.392737,-35.402692
1301,55.415352,-36.36278
1302,55.417549,-54.277425
1303,55.420646,-35.351607
1304,55.420826,-42.142387
1305,55.429123,-49.496234
1306,55.429171,-55.259821
1307,55.435432,-39.468184
1308,55.439778,-30.32518
1309,55.441334,-37.483193
1310,55.457621,-36.630436
1311,55.458667,-35.535235
1312,55.461149,-54.787832
1313,55.465157,-46.071707
1314,55.489575,-35.343626
1315,55.51374,-40.068738
1316,55.539245,-33.69593
1317,55.545448,-35.443396
1318,55.546075,-57.649327
1319,55.560445,-38.855341
1320,55.569022,-54.971896
1321,55.574298,-35.471923
1322,55.578349,-37.975387
1323,55.57962,-35.560914
1324,55.591997,-36.447432
1325,55.605133,-35.594744
1326,55.610648,-40.813249
1327,55.614446,-59.764308
1328,55.614531,-55.11343
1329,55.618026,-36.221977
1330,55.621773,-57.026115
1331,55.628176,-52.900908
1332,55.64632,-35.984887
1333,55.648343,-52.851855
1334,55.653733,-35.955963
1335,55.664262,-38.227732
1336,55.664987,-55.761728
1337,55.670382,-34.76194
1338,55.672265,-52.276483
1339,55.678946,-35.540657
1340,55.716587,-50.116986
1341,55.729565,-35.34344
1342,55.731376,-43.98185
1343,55.741015,-56.268528
1344,55.77899,-54.906214
1345,55.793546,-55.269926
1346,55.798348,-51.19414
1347,55.806336,-35.518922
1348,55.810275,-56.333176
1349,55.823543,-41.468789
1350,55.831009,-52.021561
1351,55.832497,-50.826332
1352,55.837085,-38.285018
1353,55.852183,-37.108879
1354,55.870467,-49.509901
1355,55.887642,-36.006215
1356,55.951955,-53.510798
1357,55.953431,-35.625824
1358,55.964762,-39.991392
1359,55.973699,-45.788105
1360,55.992847,-41.095351
1361,56.03217,-41.073996
1362,56.041657,-37.563409
1363,56.042813,-36.178633
1364,56.048217,-53.214016
1365,56.057844,-35.596443
1366,56.059425,-36.751339
1367,56.067758,-41.196576
1368,56.07508,-41.484185
1369,56.10472,-35.856743
1370,56.106731,-52.723944
1371,56.118581,-51.212229
1372,56.134352,-42.505953
1373,56.163397,-35.982703
1374,56.19406,-56.440907
1375,56.219771,-53.637441
1376,56.228359,-36.497183
1377,56.236032,-53.420507
1378,56.30434,-56.566847
1379,56.308329,-49.111576
1380,56.321298,-36.974087
1381,56.340869,-47.992902
1382,56.393484,-35.688507
1383,56.404887,-53.688379
1384,56.409731,-36.876248
1385,56.433638,-45.613053
1386,56.43392,-56.683281
1387,56.457386,-40.754912
1388,56.477146,-40.198762
1389,56.482054,-36.398473
1390,56.521703,-54.560667
1391,56.533344,-36.822564
1392,56.57361,-38.235836
1393,56.579289,-54.942828
1394,56.602468,-56.813239
1395,56.60259,-45.317908
1396,56.617304,-41.016572
1397,56.649087,-36.398818
1398,56.649589,-50.198765
1399,56.67528,-38.3589
1400,56.698757,-46.448209
1401,56.734974,-57.813249
1402,56.744199,-46.695139
1403,56.773132,-47.687745
1404,56.801878,-50.294599
1405,56.813323,-37.012387
1406,56.825124,-57.024408
1407,56.830667,-38.337563
1408,56.831201,-57.424317
1409,56.837675,-54.232792
1410,56.849987,-47.617541
1411,56.852756,-39.03723
1412,56.876462,-42.811915
1413,56.879158,-49.693805
1414,56.88383,-56.993521
1415,56.906001,-36.363468
1416,56.911433,-35.142676
1417,56.91435,-37.288318
1418,56.914647,-59.769758
1419,56.915851,-45.815825
1420,56.935075,-35.049796
1421,56.944692,-36.95775
1422,56.945624,-35.659757
1423,56.976506,-35.038265
1424,57.003144,-59.623553
1425,57.009353,-35.02644
1426,57.012772,-36.690502
1427,57.015414,-41.446098
1428,57.017942,-36.746202
1429,57.040622,-37.525442
1430,57.060667,-44.474131
1431,57.069456,-45.559859
1432,57.07591,-54.049501
1433,57.078391,-56.885472
1434,57.078402,-30.745861
1435,57.106205,-52.566237
1436,57.137454,-43.742108
1437,57.140266,-39.530257
1438,57.177053,-54.832995
1439,57.18314,-54.964716
1440,57.184684,-35.353196
1441,57.196937,-55.062533
1442,57.205627,-56.265681
1443,57.231076,-43.777518
1444,57.232882,-45.633395
1445,57.234575,-54.788003
1446,57.307551,-35.92693
1447,57.30973,-54.149325
1448,57.342772,-39.7607
1449,57.363026,-41.429529
1450,57.437589,-55.128826
1451,57.456927,-37.156921
1452,57.456977,-57.102932
1453,57.475247,-49.52731
1454,57.5112,-47.645599
1455,57.521973,-36.338517
1456,57.530828,-39.734318
1457,57.533415,-46.295757
1458,57.533609,-55.446908
1459,57.536631,-48.997805
1460,57.555733,-55.954622
1461,57.566619,-40.86503
1462,57.568826,-38.767729
1463,57.59651,-35.248109
1464,57.611842,-56.964244
1465,57.615248,-44.210231
1466,57.636277,-49.24216
1467,57.644238,-31.045696
1468,57.670663,-45.529508
1469,57.675914,-56.448451
1470,57.680305,-36.885768
1471,57.689734,-38.201726
1472,57.69515,-55.083177
1473,57.699383,-44.458762
1474,57.712301,-37.241892
1475,57.720381,-38.819724
1476,57.72608,-37.330382
1477,57.732572,-37.79285
1478,57.734098,-31.076188
1479,57.740359,-48.189731
1480,57.755099,-36.683583
1481,57.772909,-55.640167
1482,57.785851,-38.764275
1483,57.798084,-51.719249
1484,57.810892,-36.12174
1485,57.845464,-58.100636
1486,57.851551,-57.741659
1487,57.851784,-55.037115
1488,57.853493,-35.475834
1489,57.877509,-37.410393
1490,57.902977,-40.598419
1491,57.92565,-40.193722
1492,57.926257,-54.958816
1493,57.930461,-59.917811
1494,57.966653,-50.533124
1495,57.978279,-35.21345
1496,57.982216,-45.69758
1497,57.988715,-44.172555
1498,57.992739,-38.600978
1499,57.99911,-46.446945
1500,58.005228,-56.084531
1501,58.01008,-44.531067
1502,58.034349,-54.545567
1503,58.051323,-32.321850999999995
1504,58.051403,-34.992462
1505,58.067848,-36.304694
1506,58.076997,-48.283572
1507,58.094001,-47.587583
1508,58.112335,-37.221945
1509,58.144311,-50.436694
1510,58.179599,-35.618994
1511,58.194804,-44.759347
1512,58.195161,-41.218835
1513,58.197176,-47.510097
1514,58.202461,-57.229408
1515,58.234107,-37.022227
1516,58.237103,-44.067246
1517,58.254726,-43.961114
1518,58.264374,-49.402388
1519,58.280868,-38.839994
1520,58.338108,-48.533273
1521,58.346467,-36.557238
1522,58.405833,-52.553414
1523,58.431866,-53.213024
1524,58.43819,-58.095272
1525,58.449997,-53.276494
1526,58.46183,-48.85666
1527,58.524333,-46.761211
1528,58.550681,-43.362286
1529,58.573974,-49.539525
1530,58.574181,-54.541415
1531,58.582301,-43.061242
1532,58.600146,-37.454501
1533,58.615188,-37.141754
1534,58.633945,-41.458899
1535,58.65741,-35.699551
1536,58.657876,-41.386717
1537,58.660305,-54.464938
1538,58.721305,-38.101607
1539,58.73789,-50.246524
1540,58.762683,-41.583055
1541,58.764834,-42.642643
1542,58.773052,-44.242314
1543,58.781895,-38.209979
1544,58.7822,-53.134385
1545,58.789939,-37.482282
1546,58.80065,-53.354864
1547,58.81147,-51.010679
1548,58.817041,-53.952068
1549,58.846881,-33.580642
1550,58.868729,-57.69956
1551,58.891576,-37.102207
1552,58.898183,-56.895758
1553,58.939764,-54.374783
1554,58.953231,-35.805746
1555,59.017243,-42.569429
1556,59.023177,-51.987699
1557,59.030862,-40.03638
1558,59.04431,-39.618719
1559,59.050439,-51.605792
1560,59.054695,-53.057912
1561,59.065146,-43.240482
1562,59.093053,-53.960588
1563,59.108699,-53.945148
1564,59.162693,-50.053637
1565,59.165681,-46.792928
1566,59.190788,-52.107284
1567,59.21861,-40.150465
1568,59.225755,-55.688508
1569,59.236311,-47.756228
1570,59.26624,-49.318269
1571,59.284153,-57.489733
1572,59.302863,-56.05188
1573,59.303487,-30.106134
1574,59.329631,-49.375299
1575,59.33242,-53.951141
1576,59.35306,-54.131106
1577,59.363731,-48.800936
1578,59.370919,-39.855111
1579,59.371547,-37.371446
1580,59.423282,-52.78555
1581,59.428634,-55.547003
1582,59.435715,-38.251935
1583,59.452528,-36.377568
1584,59.457662,-52.386626
1585,59.48735,-40.061157
1586,59.496267,-53.017852
1587,59.503789,-36.338128
1588,59.512147,-51.13673
1589,59.523718,-44.251239
1590,59.554704,-53.42999
1591,59.574725,-46.708326
1592,59.644138,-55.907622
1593,59.646842,-56.26698
1594,59.706474,-56.996942
1595,59.70785,-39.9568
1596,59.710716,-58.290296
1597,59.711391,-36.138284
1598,59.717512,-44.059813
1599,59.724755,-38.944105
1600,59.724961,-47.041996
1601,59.74557,-37.36905
1602,59.746402,-43.349932
1603,59.765559,-44.353783
1604,59.80584,-35.394492
1605,59.856325,-59.570114
1606,59.858956,-58.499833
1607,59.871359,-52.280554
1608,59.904496,-40.765826
1609,59.918369,-30.421634
1610,59.942301,-36.852952
1611,59.964597,-56.643789
1612,59.965061,-43.093313
1613,59.967434,-52.533982
1614,59.977602,-46.74245
1615,60.003121,-46.914191
1616,60.018459,-30.312349
1617,60.02446,-30.228706
1618,60.025982,-42.033946
1619,60.029629,-57.746049
1620,60.057109,-35.809592
1621,60.060775,-48.619524
1622,60.06806,-47.849901
1623,60.073693,-52.464988
1624,60.080245,-52.135363
1625,60.080379,-41.196517
1626,60.080653,-37.184426
1627,60.085186,-50.366095
1628,60.097075,-52.256905
1629,60.107574,-41.420857
1630,60.140995,-43.753639
1631,60.145333,-47.262142
1632,60.17454,-47.021198
1633,60.178725,-48.59599
1634,60.178772,-30.277745
1635,60.219091,-51.448351
1636,60.240188,-56.05998
1637,60.260236,-48.591513
1638,60.263916,-42.159
1639,60.265539,-35.180884
1640,60.265818,-52.628931
1641,60.287284,-51.978546
1642,60.300087,-56.248733
1643,60.309221,-41.827439
1644,60.325544,-55.92506
1645,60.374527,-46.171041
1646,60.396054,-46.837229
1647,60.400281,-40.218055
1648,60.406203,-47.624661
1649,60.41059,-30.681448
1650,60.426944,-41.446795
1651,60.429954,-52.876203
1652,60.443411,-58.252073
1653,60.466227,-37.448462
1654,60.467485,-30.353547
1655,60.484367,-54.80531
1656,60.486439,-46.708696
1657,60.489227,-50.343987
1658,60.493393,-60.054019
1659,60.499284,-53.067704
1660,60.529531,-58.026411
1661,60.532945,-55.323473
1662,60.664533,-48.771001
1663,60.687383,-52.639878
1664,60.690099,-39.305649
1665,60.71037,-37.239198
1666,60.715769,-35.434517
1667,60.722402,-34.936734
1668,60.748895,-40.593443
1669,60.76507,-46.59111
1670,60.772136,-38.237748
1671,60.786877,-56.20413
1672,60.788222,-48.178493
1673,60.79112,-48.708238
1674,60.794597,-52.708372
1675,60.795911,-40.696737
1676,60.816811,-58.965273
1677,60.838082,-59.308154
1678,60.862911,-41.82376
1679,60.866113,-59.255627
1680,60.931541,-42.688278
1681,60.94813,-58.473557
1682,60.95127,-52.758029
1683,60.997676,-58.14335
1684,60.997932,-37.474319
1685,61.015685,-46.637421
1686,61.023008,-46.169246
1687,61.054422,-46.049046
1688,61.066089,-37.825175
1689,61.067073,-43.343136
1690,61.069488,-52.279967
1691,61.125526,-55.971611
1692,61.129212,-38.704234
1693,61.152669,-42.241455
1694,61.178315,-41.739248
1695,61.212359,-35.891927
1696,61.248397,-40.491762
1697,61.263612,-37.410456
1698,61.279538,-30.206015
1699,61.33896,-39.193118
1700,61.345262,-36.811167
1701,61.35676,-47.31033
1702,61.357056,-30.314625
1703,61.365228,-59.293463
1704,61.366745,-38.846339
1705,61.369794,-57.321462
1706,61.371721,-42.729664
1707,61.383192,-38.658409
1708,61.386376,-58.16335
1709,61.394248,-37.322
1710,61.451949,-41.586513
1711,61.463639,-37.318222
1712,61.495034,-30.306312
1713,61.50368,-56.089111
1714,61.510065,-46.937373
1715,61.57534,-45.187532
1716,61.582451,-37.457033
1717,61.585903,-49.5481
1718,61.596339,-53.169273
1719,61.601643,-46.631064
1720,61.626577,-59.976421
1721,61.654203,-55.588414
1722,61.664992,-42.085189
1723,61.670092,-37.768286
1724,61.670921,-53.449166
1725,61.679642,-56.660182
1726,61.690618,-47.920106
1727,61.70226,-36.435843
1728,61.714979,-56.233723
1729,61.725608,-48.078339
1730,61.746611,-54.800447
1731,61.763964,-38.482293
1732,61.792661,-46.339795
1733,61.820286,-44.976188
1734,61.855076,-53.767592
1735,61.856605,-51.088753
1736,61.911461,-57.630228
1737,61.954389,-58.973329
1738,61.968021,-57.404741
1739,61.978387,-47.84442
1740,61.981167,-53.967711
1741,62.003158,-58.635882
1742,62.005357,-54.082508
1743,62.0213,-55.011282
1744,62.060873,-43.674443
1745,62.066174,-41.026253
1746,62.091016,-52.111549
1747,62.100989,-48.888756
1748,62.117529,-45.179014
1749,62.138311,-42.848827
1750,62.144699,-55.744326
1751,62.189964,-54.827109
1752,62.212438,-47.038775
1753,62.21563,-53.266304
1754,62.218651,-44.983855
1755,62.229506,-60.10159
1756,62.263097,-40.45095
1757,62.274569,-43.135819
1758,62.275641,-43.274225
1759,62.315514,-45.062537
1760,62.35722,-48.713909
1761,62.371226,-44.654721
1762,62.387071,-54.001002
1763,62.394291,-58.500722
1764,62.403099,-42.469925
1765,62.416278,-54.780441
1766,62.470716,-58.686071
1767,62.477793,-51.678959
1768,62.481741,-39.621037
1769,62.481754,-55.571596
1770,62.493704,-58.134633
1771,62.517348,-53.075131
1772,62.546758,-56.534082
1773,62.557086,-55.886732
1774,62.577427,-50.727176
1775,62.598108,-56.269562
1776,62.598185,-54.738038
1777,62.661961,-46.87159
1778,62.674365,-59.663568
1779,62.683153,-59.628358
1780,62.766485,-35.288355
1781,62.805726,-39.803253
1782,62.806592,-58.882045
1783,62.844665,-57.370611
1784,62.844706,-51.523059
1785,62.849436,-45.322177
1786,62.860122,-48.213567
1787,62.865758,-56.767082
1788,62.876365,-34.718022
1789,62.896494,-35.76079
1790,62.920909,-56.048505
1791,62.98607,-57.225983
1792,63.00301,-53.72056
1793,63.022279,-55.847937
1794,63.03027,-38.15769
1795,63.102829,-53.272588
1796,63.110223,-38.088369
1797,63.129273,-40.945745
1798,63.147877,-57.454105
1799,63.169915,-49.151758
1800,63.170935,-54.415274
1801,63.183358,-52.122475
1802,63.207691,-56.481274
1803,63.227045,-54.100008
1804,63.240472,-52.74413
1805,63.277244,-34.467641
1806,63.308817,-52.760946
1807,63.316405,-56.735924
1808,63.326899,-57.826295
1809,63.353283,-55.648404
1810,63.35946,-41.317335
1811,63.39531,-37.72511
1812,63.410309,-36.357556
1813,63.428484,-37.659741
1814,63.430549,-48.355343
1815,63.434591,-37.80363
1816,63.436364,-57.629012
1817,63.445415,-44.928133
1818,63.451282,-53.662266
1819,63.464692,-57.087089
1820,63.471507,-42.502197
1821,63.473381,-59.466968
1822,63.473808,-38.059947
1823,63.47676,-58.289482
1824,63.513864,-38.012908
1825,63.534763,-57.627086
1826,63.549404,-51.533892
1827,63.567508,-46.156466
1828,63.57838,-50.900228
1829,63.632419,-58.912846
1830,63.648418,-31.009051
1831,63.660091,-52.116488
1832,63.677176,-60.189559
1833,63.684788,-55.415857
1834,63.705563,-49.286951
1835,63.707757,-35.628971
1836,63.72198,-38.060583
1837,63.768374,-55.938298
1838,63.7962,-53.20148
1839,63.8115,-39.173313
1840,63.81882,-58.960576
1841,63.883987,-49.600038
1842,63.928855,-53.636709
1843,63.957062,-51.200601
1844,63.958723,-54.668656
1845,63.964571,-48.689366
1846,63.987405,-44.727484
1847,63.989383,-39.099497
1848,64.01258,-38.042299
1849,64.030716,-54.271198
1850,64.038935,-55.458667
1851,64.049588,-59.929237
1852,64.054,-45.810184
1853,64.076802,-38.557851
1854,64.135268,-50.386787
1855,64.141467,-38.55486
1856,64.143299,-56.756302
1857,64.151654,-54.239322
1858,64.170492,-48.246779
1859,64.173576,-55.92331
1860,64.174913,-38.653608
1861,64.177429,-56.048457
1862,64.178182,-52.939224
1863,64.197356,-58.001999
1864,64.222347,-51.874374
1865,64.234731,-44.686085
1866,64.238972,-51.586112
1867,64.24575,-56.013992
1868,64.246465,-36.473553
1869,64.269273,-53.46686
1870,64.273983,-47.779941
1871,64.278882,-48.916946
1872,64.280096,-49.62598
1873,64.285553,-49.909054
1874,64.291029,-57.702544
1875,64.296978,-58.38446
1876,64.301351,-48.154669
1877,64.310846,-42.59118
1878,64.337416,-57.836659
1879,64.364622,-46.82181
1880,64.446851,-35.938249
1881,64.470907,-43.246405
1882,64.47283,-51.560458
1883,64.474374,-50.831467
1884,64.47455,-37.544516
1885,64.505582,-36.463786
1886,64.51371,-56.341334
1887,64.518711,-55.757939
1888,64.546959,-51.437999
1889,64.560816,-51.58763
1890,64.576233,-56.340106
1891,64.584991,-56.392002
1892,64.596446,-46.616983
1893,64.638144,-49.622971
1894,64.650459,-59.80586
1895,64.662414,-38.641392
1896,64.704355,-53.47106
1897,64.711104,-45.533972
1898,64.728719,-38.170712
1899,64.734497,-49.115047
1900,64.751617,-43.896371
1901,64.753943,-49.39615
1902,64.77912,-53.402655
1903,64.790674,-57.277966
1904,64.796109,-51.483538
1905,64.805614,-55.083587
1906,64.813662,-46.94136
1907,64.837145,-48.846291
1908,64.866772,-53.267886
1909,64.872232,-55.650517
1910,64.873986,-40.252278
1911,64.880259,-37.051264
1912,64.884973,-40.345047
1913,64.890664,-52.326391
1914,64.906653,-54.172101
1915,64.914641,-44.811762
1916,64.925291,-59.828544
1917,64.944141,-45.193266
1918,64.944522,-57.322326
1919,64.960257,-37.582671
1920,64.992742,-42.80525
1921,64.993279,-57.392838
1922,65.000013,-56.894211
1923,65.009025,-47.330563
1924,65.013937,-30.206382
1925,65.026937,-56.045007
1926,65.036989,-37.25401
1927,65.069832,-36.625223
1928,65.07667,-44.980085
1929,65.077404,-51.405791
1930,65.078383,-38.755684
1931,65.085656,-58.305144
1932,65.102438,-43.616687
1933,65.108969,-57.322797
1934,65.110182,-58.485794
1935,65.122618,-55.099839
1936,65.145066,-51.705628
1937,65.148969,-46.096534
1938,65.158032,-44.96983
1939,65.165348,-54.912397
1940,65.176822,-38.326576
1941,65.177212,-44.291818
1942,65.191556,-52.858287
1943,65.248862,-43.653889
1944,65.303269,-58.267303
1945,65.312909,-58.018487
1946,65.31383,-43.504213
1947,65.356094,-40.379831
1948,65.373903,-30.255753
1949,65.39526,-58.26161
1950,65.449623,-57.128256
1951,65.453397,-49.493317
1952,65.469515,-56.382068
1953,65.487068,-43.743753
1954,65.511565,-47.525248
1955,65.521338,-51.555226
1956,65.527198,-57.97694
1957,65.547863,-52.908545
1958,65.576,-56.999072
1959,65.579438,-38.634706
1960,65.590025,-50.983204
1961,65.5993,-53.450653
1962,65.623834,-51.403449
1963,65.62567,-43.633244
1964,65.63205,-59.267455
1965,65.638307,-56.686445
1966,65.639105,-53.377793
1967,65.679109,-50.515676
1968,65.70161,-43.735252
1969,65.703928,-55.551112
1970,65.711754,-58.520316
1971,65.723343,-57.587855
1972,65.724227,-49.895643
1973,65.72594,-36.692036
1974,65.729207,-45.510072
1975,65.752271,-51.480235
1976,65.789692,-53.258584
1977,65.798084,-56.999908
1978,65.805866,-43.679005
1979,65.809719,-44.003657
1980,65.815761,-56.089178
1981,65.816546,-64.900651
1982,65.819754,-43.792954
1983,65.845869,-51.635758
1984,65.858062,-55.274756
1985,65.859646,-53.550162
1986,65.861386,-64.540214
1987,65.870397,-44.88231
1988,65.872682,-55.443183
1989,65.886317,-41.741607
1990,65.887366,-41.144136
1991,65.903545,-57.078757
1992,65.909506,-45.467923
1993,65.91025,-49.544401
1994,65.915094,-51.562603
1995,65.925324,-63.035783
1996,65.939984,-54.265576
1997,65.943859,-49.408491
1998,65.948023,-63.526917
1999,65.952209,-36.556406
2000,65.957982,-51.545463
2001,65.960283,-50.751133
2002,65.97819,-54.011644
2003,65.983944,-37.274881
2004,65.997599,-47.335714
2005,66.000838,-44.386828
2006,66.028942,-50.636464
2007,66.030114,-63.275521
2008,66.047107,-62.998174
2009,66.052414,-56.835783
2010,66.056835,-63.563004
2011,66.070108,-52.405755
2012,66.08213,-51.202312
2013,66.086876,-62.963228
2014,66.100108,-64.134373
2015,66.105362,-53.618862
2016,66.106729,-58.177262
2017,66.11894,-44.000102
2018,66.123442,-40.255954
2019,66.124238,-34.789746
2020,66.173221,-62.94567
2021,66.203911,-63.071149
2022,66.204146,-54.11984
2023,66.20736,-64.732799
2024,66.211674,-63.001388
2025,66.212808,-35.030297
2026,66.21693,-47.163997
2027,66.230794,-47.643925
2028,66.241521,-38.098648
2029,66.266758,-62.65458
2030,66.275547,-62.80508
2031,66.320624,-42.781905
2032,66.325139,-43.877918
2033,66.331971,-42.737373
2034,66.359339,-49.440322
2035,66.367644,-62.846611
2036,66.370263,-53.867864
2037,66.380218,-53.306685
2038,66.38191499999999,-55.36909
2039,66.383375,-42.416806
2040,66.39303,-49.994007
2041,66.416997,-44.921233
2042,66.434928,-35.204717
2043,66.438254,-53.430771
2044,66.449047,-42.794884
2045,66.450666,-44.445714
2046,66.453502,-53.939228
2047,66.471736,-57.688879
2048,66.489714,-45.906004
2049,66.49676,-57.009085
2050,66.512787,-49.016573
2051,66.526268,-42.878982
2052,66.5325,-63.329993
2053,66.53694,-42.622593
2054,66.544956,-54.387979
2055,66.559856,-36.260384
2056,66.570097,-59.250321
2057,66.585638,-42.555761
2058,66.604695,-62.845983
2059,66.631408,-58.182552
2060,66.64253,-63.255362
2061,66.657795,-49.045627
2062,66.667468,-35.536477
2063,66.674138,-42.176852
2064,66.68829099999999,-62.678747
2065,66.698746,-57.928237
2066,66.700956,-62.614044
2067,66.702453,-40.343063
2068,66.704856,-56.147484
2069,66.719387,-49.148238
2070,66.729987,-47.899177
2071,66.738863,-40.755898
2072,66.741702,-55.545811
2073,66.748115,-62.843055
2074,66.748402,-64.943202
2075,66.769072,-62.843329
2076,66.779961,-58.58694
2077,66.793124,-42.834844
2078,66.810569,-63.314612
2079,66.823929,-36.167527
2080,66.82799,-58.634745
2081,66.832198,-54.041585
2082,66.844641,-53.455007
2083,66.854566,-41.327588
2084,66.856957,-42.896765
2085,66.863307,-53.77976
2086,66.868914,-55.249693
2087,66.874205,-62.489624
2088,66.874261,-58.660566
2089,66.877012,-56.064277
2090,66.87962,-52.717804
2091,66.882918,-62.711776
2092,66.903918,-51.895268
2093,66.906432,-53.711617
2094,66.909737,-59.267601
2095,66.928845,-53.178103
2096,66.962312,-53.887267
2097,66.966251,-54.131167
2098,66.968156,-53.761023
2099,66.969509,-43.136372
2100,66.970584,-42.841728
2101,66.974736,-43.373263
2102,66.985339,-42.434873
2103,66.98614,-37.690463
2104,66.986597,-37.130112
2105,66.993011,-30.358173
2106,66.994576,-42.545106
2107,67.000508,-62.945323
2108,67.011392,-55.223166
2109,67.02415,-52.046922
2110,67.024407,-50.123193
2111,67.034303,-63.366692
2112,67.041623,-42.904761
2113,67.057228,-52.010181
2114,67.061931,-51.3254
2115,67.072048,-47.783823
2116,67.088892,-50.491254
2117,67.089714,-48.219422
2118,67.094371,-62.66114
2119,67.098788,-53.579433
2120,67.111001,-49.484787
2121,67.114881,-42.245492
2122,67.116737,-64.089858
2123,67.130935,-52.299193
2124,67.131706,-62.523106
2125,67.134826,-53.41758
2126,67.147797,-42.395481
2127,67.148314,-46.891428
2128,67.148736,-46.878136
2129,67.195998,-47.805887
2130,67.203165,-54.282935
2131,67.20649,-47.146598
2132,67.211677,-42.030627
2133,67.212576,-54.552566
2134,67.218588,-46.825071
2135,67.225596,-47.799692
2136,67.228396,-37.063525
2137,67.232416,-42.885279
2138,67.236569,-36.703163
2139,67.246582,-53.872869
2140,67.24959299999999,-48.365212
2141,67.262586,-54.50945
2142,67.26301,-40.989338
2143,67.263904,-39.181759
2144,67.26765,-43.75065
2145,67.277019,-41.099648
2146,67.283362,-36.036089
2147,67.291872,-36.129656
2148,67.313232,-63.135782
2149,67.318546,-44.357013
2150,67.341263,-47.671617
2151,67.341501,-56.994723
2152,67.353615,-46.635914
2153,67.360063,-48.478567
2154,67.364136,-42.882024
2155,67.374925,-36.457476
2156,67.409036,-46.149681
2157,67.417586,-54.512884
2158,67.421953,-45.918826
2159,67.430798,-51.412423
2160,67.441473,-53.726173
2161,67.45513,-40.643693
2162,67.457964,-50.423328
2163,67.464456,-63.178278
2164,67.474085,-51.821945
2165,67.482876,-39.072507
2166,67.504928,-53.425275
2167,67.523709,-51.712272
2168,67.531036,-57.844585
2169,67.531403,-45.67824
2170,67.558014,-53.940923
2171,67.566427,-53.607753
2172,67.592469,-54.385767
2173,67.599323,-53.27637
2174,67.600509,-38.542221
2175,67.609906,-53.710893
2176,67.611929,-59.875932
2177,67.624541,-45.918751
2178,67.63108,-53.814775
2179,67.640978,-46.647477
2180,67.644172,-54.332743
2181,67.646733,-47.496749
2182,67.674047,-39.846715
2183,67.691855,-49.760785
2184,67.700951,-48.137054
2185,67.714952,-53.5965
2186,67.731979,-62.638823
2187,67.754866,-63.449416
2188,67.772458,-55.096454
2189,67.773867,-54.831075
2190,67.821098,-51.312851
2191,67.825727,-63.443683
2192,67.829057,-53.07288
2193,67.863371,-54.78047
2194,67.880318,-36.7555
2195,67.910216,-53.695745
2196,67.916925,-45.212058
2197,67.924177,-37.357819
2198,67.938446,-51.291942
2199,67.939222,-53.310556
2200,67.960149,-42.647356
2201,67.98127,-39.685532
2202,67.983137,-46.034322
2203,67.987892,-43.079155
2204,67.990048,-56.974988
2205,68.002599,-53.622735
2206,68.007489,-37.105727
2207,68.015031,-47.064791
2208,68.026607,-39.679034
2209,68.03883,-45.648293
2210,68.063806,-49.654328
2211,68.064041,-52.417471
2212,68.090319,-45.93333
2213,68.108464,-51.851362
2214,68.127144,-41.074298
2215,68.129616,-58.470568
2216,68.138412,-62.609607
2217,68.157272,-51.132875
2218,68.173157,-46.952532
2219,68.19533,-64.957171
2220,68.197561,-53.560556
2221,68.198884,-49.967955
2222,68.247266,-58.208445
2223,68.260712,-41.472747
2224,68.29222,-55.091415
2225,68.340446,-53.73142
2226,68.353292,-30.458733
2227,68.356134,-54.575703
2228,68.38988,-30.556086
2229,68.481448,-45.576059
2230,68.500832,-54.770148
2231,68.506106,-49.64939
2232,68.533768,-40.133232
2233,68.538329,-50.890468
2234,68.554316,-46.597841
2235,68.573227,-51.969577
2236,68.57394,-51.69867
2237,68.575393,-65.304767
2238,68.575757,-53.157626
2239,68.586939,-49.608678
2240,68.591646,-40.18357
2241,68.609764,-47.994189
2242,68.620288,-39.050958
2243,68.642962,-50.165703
2244,68.677481,-46.841255
2245,68.686402,-54.030935
2246,68.701823,-49.857566
2247,68.710667,-42.638575
2248,68.739958,-64.65238
2249,68.742185,-45.535731
2250,68.74446,-51.059937
2251,68.745547,-35.929236
2252,68.75462399999999,-59.456346
2253,68.766763,-38.24445
2254,68.772751,-45.191821
2255,68.798439,-53.574199
2256,68.801197,-59.566994
2257,68.838122,-54.554487
2258,68.863945,-63.609266
2259,68.874232,-64.350771
2260,68.883879,-34.949929
2261,68.886947,-41.966524
2262,68.9262,-47.105544
2263,68.980777,-45.315502
2264,68.983422,-65.058702
2265,69.006309,-41.453282
2266,69.019361,-52.214287
2267,69.023938,-49.453748
2268,69.034214,-64.973104
2269,69.035396,-46.664148
2270,69.075031,-46.828656
2271,69.100014,-40.676539
2272,69.123241,-30.927776
2273,69.135597,-40.093529
2274,69.153972,-40.047072
2275,69.164347,-39.246508
2276,69.176594,-46.383148
2277,69.181236,-41.007858
2278,69.204045,-64.390031
2279,69.212291,-39.252042
2280,69.218479,-30.616016
2281,69.233054,-30.585935
2282,69.241078,-56.183605
2283,69.254373,-62.648353
2284,69.257787,-63.144793
2285,69.267791,-51.734161
2286,69.270826,-51.606305
2287,69.280554,-65.809932
2288,69.287695,-43.299573
2289,69.305784,-62.791652
2290,69.326232,-40.615694
2291,69.32633,-30.578436
2292,69.331629,-51.409121
2293,69.340252,-50.817197
2294,69.356228,-64.082184
2295,69.36448,-50.768107
2296,69.389108,-52.172292
2297,69.390782,-53.395475
2298,69.405894,-46.24786
2299,69.410223,-58.682987
2300,69.43495,-51.81996
2301,69.445199,-49.281495
2302,69.459458,-30.615358
2303,69.466886,-63.244144
2304,69.477808,-30.594104
2305,69.487001,-54.996621
2306,69.499567,-62.828959
2307,69.521544,-62.544312
2308,69.5285,-59.599414
2309,69.549022,-40.677548
2310,69.574566,-30.693338
2311,69.576509,-65.000783
2312,69.587906,-50.336985
2313,69.684114,-39.697102
2314,69.708531,-49.96811
2315,69.740529,-63.901553
2316,69.761239,-44.663304
2317,69.764063,-39.765314
2318,69.767356,-59.822083
2319,69.779558,-41.210882
2320,69.782203,-62.635537
2321,69.806508,-42.23321
2322,69.829487,-41.563737
2323,69.860081,-51.750447
2324,69.879826,-41.328731
2325,69.887366,-42.65999
2326,69.911239,-47.265165
2327,69.912731,-36.201325
2328,69.915025,-44.817877
2329,69.91564,-44.848707
2330,69.918837,-52.555705
2331,69.919638,-55.810803
2332,69.935781,-45.614043
2333,69.950812,-62.804652
2334,69.955273,-62.947883
2335,69.965669,-63.91834
2336,69.986395,-44.547893
2337,69.995237,-45.548372
2338,69.996465,-51.53908
2339,69.998208,-36.547354
2340,70.00299,-53.440812
2341,70.01586,-44.584966
2342,70.02708,-47.61462
2343,70.028242,-51.585229
2344,70.028854,-50.910388
2345,70.038275,-45.599077
2346,70.061401,-40.289287
2347,70.075467,-41.05689
2348,70.086679,-62.506676
2349,70.09447999999999,-40.846604
2350,70.118767,-63.118808
2351,70.137063,-54.873415
2352,70.161967,-36.078906
2353,70.162099,-38.633925
2354,70.177406,-48.901511
2355,70.185154,-44.649875
2356,70.198529,-44.907578
2357,70.218976,-62.67048
2358,70.224355,-48.211258
2359,70.227493,-54.535794
2360,70.228474,-42.093153
2361,70.244207,-64.437026
2362,70.2743,-53.584417
2363,70.286358,-60.218348
2364,70.286685,-52.124056
2365,70.30551,-43.714528
2366,70.354127,-64.700931
2367,70.368933,-37.10599
2368,70.377632,-50.162647
2369,70.386148,-44.310094
2370,70.406271,-40.260246
2371,70.406825,-55.72413
2372,70.409343,-43.675669
2373,70.425353,-39.52635
2374,70.453835,-53.417104
2375,70.467902,-57.353968
2376,70.469385,-42.148323
2377,70.475785,-59.167814
2378,70.482844,-63.207372
2379,70.484912,-51.350552
2380,70.499492,-63.541005
2381,70.508102,-59.117572
2382,70.523053,-36.841971
2383,70.556332,-42.95004
2384,70.569836,-36.84764
2385,70.575324,-42.267922
2386,70.597393,-41.262152
2387,70.60594,-58.222845
2388,70.607403,-44.348201
2389,70.611136,-39.758982
2390,70.619585,-45.777832
2391,70.652925,-65.009211
2392,70.685697,-45.124141
2393,70.716277,-47.880974
2394,70.724878,-60.166362
2395,70.733225,-36.152962
2396,70.743212,-52.526185
2397,70.748505,-62.43966
2398,70.749416,-56.201734
2399,70.765222,-37.097175
2400,70.781304,-40.947734
2401,70.84388,-53.828947
2402,70.848333,-53.84098
2403,70.860997,-63.065871
2404,70.873016,-56.763725
2405,70.883667,-39.324844
2406,70.891408,-42.809323
2407,70.907613,-38.233801
2408,70.928993,-46.639017
2409,70.933345,-44.493882
2410,70.964138,-49.724104
2411,70.974661,-35.7618
2412,70.97884,-49.8909
2413,70.982286,-39.42346
2414,70.991849,-50.096715
2415,70.997444,-44.500752
2416,71.009523,-51.769699
2417,71.015991,-41.116857
2418,71.029473,-44.030176
2419,71.068694,-45.699609
2420,71.070127,-60.178
2421,71.078714,-40.910554
2422,71.084879,-63.206525
2423,71.098067,-43.428799
2424,71.112967,-54.050139
2425,71.116477,-43.464363
2426,71.13987,-44.564648
2427,71.164979,-48.377328
2428,71.169514,-44.792888
2429,71.172314,-65.912381
2430,71.193176,-41.630164
2431,71.193536,-41.575754
2432,71.236835,-41.638174
2433,71.246364,-53.990547
2434,71.262935,-49.087971
2435,71.274347,-47.575638
2436,71.274449,-54.394511
2437,71.287881,-52.272292
2438,71.292152,-39.235421
2439,71.316509,-39.616077
2440,71.318238,-36.903881
2441,71.355763,-52.554939
2442,71.379366,-64.927787
2443,71.431898,-54.454018
2444,71.432808,-44.137763
2445,71.45773,-51.61673
2446,71.475614,-45.451323
2447,71.504294,-50.921578
2448,71.505184,-47.482684
2449,71.506655,-50.910004
2450,71.541674,-56.269953
2451,71.595298,-54.491624
2452,71.666309,-39.290453
2453,71.667893,-35.837617
2454,71.671758,-54.616871
2455,71.693631,-54.670421
2456,71.70152,-48.070096
2457,71.739943,-50.783764
2458,71.74517,-57.31012
2459,71.752297,-62.843338
2460,71.756938,-40.3977
2461,71.757934,-36.968916
2462,71.768656,-46.252133
2463,71.775693,-51.100802
2464,71.797508,-44.969411
2465,71.799758,-47.024895
2466,71.821473,-59.299262
2467,71.831867,-41.622054
2468,71.834698,-34.58478
2469,71.84597,-49.757706
2470,71.846215,-62.930696
2471,71.855889,-55.169836
2472,71.881657,-50.756219
2473,71.907382,-41.25416
2474,71.910998,-39.860901
2475,71.912944,-38.446904
2476,72.029991,-58.274344
2477,72.045344,-34.573534
2478,72.055894,-60.134693
2479,72.088198,-63.541768
2480,72.088559,-45.79026
2481,72.139894,-54.476161
2482,72.158552,-58.771794
2483,72.214147,-53.554037
2484,72.214503,-44.789375
2485,72.239033,-49.670585
2486,72.267521,-46.117701
2487,72.300549,-30.103159
2488,72.313973,-51.088129
2489,72.314772,-30.078442
2490,72.323651,-41.690066
2491,72.350019,-48.56034
2492,72.36508,-55.45967
2493,72.377026,-57.063076
2494,72.379436,-49.229542
2495,72.405575,-51.603263
2496,72.4085,-49.14369
2497,72.414081,-47.886967
2498,72.416958,-40.080095
2499,72.417298,-51.486245
2500,72.435274,-43.671501
2501,72.458059,-46.223484
2502,72.460161,-47.332739
2503,72.499265,-55.141307
2504,72.50069,-46.687099
2505,72.50132,-36.449098
2506,72.504846,-50.242523
2507,72.514436,-44.997731
2508,72.523094,-43.615188
2509,72.532682,-49.299316
2510,72.569943,-55.241779
2511,72.592266,-49.435647
2512,72.602746,-38.52871
2513,72.60402,-42.753584
2514,72.609196,-54.736896
2515,72.616597,-45.861839
2516,72.638748,-30.116263
2517,72.659143,-54.478771
2518,72.665749,-51.275517
2519,72.704983,-45.495728
2520,72.727812,-51.467052
2521,72.757228,-47.369772
2522,72.775198,-55.190831
2523,72.80834899999999,-58.575633
2524,72.836311,-54.942888
2525,72.853694,-48.115715
2526,72.855494,-46.715583
2527,72.927595,-41.7179
2528,72.990877,-57.364763
2529,72.991358,-45.592579
2530,73.004174,-46.632193
2531,73.013225,-62.859482
2532,73.092342,-63.010994
2533,73.09765,-37.526194
2534,73.101419,-42.336826
2535,73.145193,-40.920903
2536,73.148478,-64.788299
2537,73.151736,-43.850302
2538,73.174923,-36.517031
2539,73.197953,-54.434581
2540,73.201049,-44.520374
2541,73.235225,-39.156224
2542,73.247837,-50.147026
2543,73.298007,-52.299454
2544,73.301417,-51.635383
2545,73.314339,-59.605411
2546,73.328584,-51.775233
2547,73.365523,-51.433734
2548,73.409825,-56.906468
2549,73.436451,-38.125179
2550,73.516791,-56.489343
2551,73.589671,-48.687592
2552,73.604176,-49.454266
2553,73.636003,-43.802285
2554,73.636958,-63.132337
2555,73.649476,-63.093372
2556,73.686885,-50.960868
2557,73.701391,-46.650471
2558,73.701664,-43.823294
2559,73.711743,-48.294783
2560,73.72581,-35.37865
2561,73.747485,-43.889665
2562,73.759816,-49.469379
2563,73.772877,-59.071494
2564,73.773618,-62.940219
2565,73.780603,-62.462807
2566,73.789077,-60.317956
2567,73.791548,-42.240571
2568,73.797841,-49.810572
2569,73.841288,-30.227599
2570,73.903039,-56.82906
2571,73.90946,-50.389158
2572,73.924224,-57.86409
2573,73.940915,-44.859316
2574,74.026672,-42.162637
2575,74.030349,-30.877343
2576,74.041075,-44.899854
2577,74.084355,-58.690004
2578,74.091716,-50.038446
2579,74.109403,-47.490689
2580,74.200063,-57.243184
2581,74.216561,-37.900285
2582,74.242294,-37.447931
2583,74.327286,-47.800676
2584,74.353899,-53.425298
2585,74.360982,-53.407463
2586,74.389554,-62.702112
2587,74.406353,-60.216936
2588,74.409268,-54.789832
2589,74.412668,-63.4162
2590,74.522281,-51.99858
2591,74.548871,-57.402299
2592,74.550011,-57.234795
2593,74.563019,-37.67048
2594,74.576601,-52.186463
2595,74.617087,-34.949224
2596,74.638708,-42.219688
2597,74.657892,-49.153022
2598,74.691888,-57.380759
2599,74.774353,-45.956439
2600,74.789782,-37.764177
2601,74.795267,-56.492543
2602,74.797875,-58.626171
2603,74.815447,-37.329019
2604,74.816826,-54.337256
2605,74.824088,-55.330287
2606,74.826385,-59.867671
2607,74.885955,-43.668208
2608,74.891311,-37.925679
2609,74.911318,-51.729674
2610,74.972585,-45.917309
2611,74.992236,-36.087471
2612,75.038459,-47.100232
2613,75.040658,-35.997828
2614,75.107539,-38.316955
2615,75.16645,-45.707853
2616,75.187595,-46.484494
2617,75.246115,-46.262374
2618,75.322683,-45.350271
2619,75.322686,-46.172053
2620,75.334392,-37.817416
2621,75.370074,-37.948279
2622,75.427338,-46.408476
2623,75.429011,-46.155378
2624,75.46761,-38.19557
2625,75.476901,-35.889167
2626,75.486078,-43.468651
2627,75.497058,-44.545129
2628,75.50656,-63.169274
2629,75.527635,-36.186518
2630,75.76465,-44.51066
2631,75.911459,-42.940714
2632,75.960193,-43.411946
2633,80.783747,-62.432892
2634,82.601898,-62.466482
2635,217.31264841939893,5.985447638454117
2636,220.30941143460308,6.201573739272893
2637,221.12264884517305,5.176501691877992
2638,222.0508484016592,5.803362060504273
2639,223.1811635517,4.604740283078384
2640,223.63001408463936,4.93762013546224
2641,313.746497,-49.092357
2642,314.053835,-48.89095
2643,314.080609,-48.533611
2644,314.178986,-47.287939
2645,314.216354,-49.391672
2646,314.285949,-49.82827
2647,314.286267,-47.375577
2648,314.291426,-48.481188
2649,314.429441,-46.405614
2650,314.466846,-48.67311
2651,314.527868,-43.391479
2652,314.592049,-41.303396
2653,314.67822,-48.438438
2654,314.685911,-44.331214
2655,314.693441,-48.463798
2656,314.716118,-48.440267
2657,314.757873,-48.487762
2658,314.786753,-49.409505
2659,314.794852,-49.434908
2660,314.795874,-49.324339
2661,314.837598,-49.220055
2662,314.837822,-48.37106
2663,314.880853,-50.140133
2664,314.899248,-48.989082
2665,314.915376,-48.794796
2666,314.952594,-47.25265
2667,314.954997,-41.378398
2668,314.969657,-40.8143
2669,314.987227,-48.284701
2670,314.995094,-40.848727
2671,315.001189,-45.664679
2672,315.014277,-46.29151
2673,315.014914,-49.024665
2674,315.015282,-43.908493
2675,315.086176,-54.275616
2676,315.098345,-47.448184
2677,315.114516,-47.799719
2678,315.132073,-47.893194
2679,315.157732,-48.41937
2680,315.181775,-43.384519
2681,315.211333,-46.856189
2682,315.281295,-48.123638
2683,315.289883,-51.168601
2684,315.291009,-49.178318
2685,315.369375,-58.614163
2686,315.384962,-43.064989
2687,315.390368,-47.236974
2688,315.40007,-43.539639
2689,315.401835,-49.536405
2690,315.437041,-54.229199
2691,315.475624,-47.239682
2692,315.483619,-49.939443
2693,315.492187,-58.084315
2694,315.497799,-43.198492
2695,315.553227,-47.678917
2696,315.558497,-49.462278
2697,315.58921,-48.046573
2698,315.594616,-54.632747
2699,315.612019,-54.469161
2700,315.621356,-41.239681
2701,315.632468,-54.577508
2702,315.639229,-43.548558
2703,315.651372,-42.901938
2704,315.65552,-41.208056
2705,315.657971,-47.055046
2706,315.691199,-41.288142
2707,315.728753,-48.026835
2708,315.753839,-46.892088
2709,315.760333,-49.797845
2710,315.777893,-47.271215
2711,315.791809,-48.131042
2712,315.796685,-45.28271
2713,315.79876,-41.399064
2714,315.817168,-45.352876
2715,315.83752,-48.995674
2716,315.847291,-48.014209
2717,315.848258,-47.065402
2718,315.853555,-43.310242
2719,315.854034,-40.52605
2720,315.860167,-58.976188
2721,315.871566,-49.714413
2722,315.893876,-44.865215
2723,315.898891,-44.785882
2724,315.921142,-50.406128
2725,315.93257,-54.275528
2726,315.933103,-49.16731
2727,315.934135,-48.906068
2728,316.018203,-49.882509
2729,316.041489,-49.997887
2730,316.055605,-46.068331
2731,316.073582,-44.627319
2732,316.085288,-44.701524
2733,316.09414,-46.302656
2734,316.119411,-49.432803
2735,316.13469,-58.607483
2736,316.152706,-47.05459
2737,316.174025,-47.878454
2738,316.18824,-46.220304
2739,316.209942,-40.831311
2740,316.264043,-41.949478
2741,316.264769,-47.099863
2742,316.33321,-41.187638
2743,316.374524,-45.476884
2744,316.37621,-45.967937
2745,316.402972,-45.472823
2746,316.40527,-0.661599
2747,316.405358,-47.573694
2748,316.413927,-48.135307
2749,316.428657,-42.87323
2750,316.440562,-41.64872
2751,316.441653,-48.766342
2752,316.479941,-45.237034
2753,316.503776,-44.583391
2754,316.522236,-47.66501
2755,316.531272,-44.99227
2756,316.580634,-48.10658
2757,316.583828,-46.123234
2758,316.603471,-50.418903
2759,316.612727,-46.293205
2760,316.615998,-46.491933
2761,316.625302,-58.997369
2762,316.629705,-49.790644
2763,316.641207,-58.729039
2764,316.643488,-1.253993
2765,316.665775,-42.607975
2766,316.693517,-40.514617
2767,316.708068,1.403891
2768,316.709754,-47.066779
2769,316.718182,-47.409033
2770,316.730587,-58.429498
2771,316.732605,-44.332982
2772,316.748526,-48.250665
2773,316.753659,-46.954009
2774,316.7568,-44.181954
2775,316.758993,-0.780604
2776,316.789347,-44.788378
2777,316.791972,-44.700727
2778,316.795123,-44.671932
2779,316.817102,-47.660063
2780,316.82473,-46.903418
2781,316.836051,-44.954079
2782,316.85161,-58.257763
2783,316.854849,-47.038683
2784,316.865447,-44.809373
2785,316.877144,0.063559
2786,316.907236,-47.271531
2787,316.915919,-47.025508
2788,316.92242,-57.901358
2789,316.951671,-43.306766
2790,316.994039,-47.098698
2791,316.995827,-42.508169
2792,317.000539,-44.39356
2793,317.006231,-44.627978
2794,317.018212,-42.336168
2795,317.026123,-47.187802
2796,317.032509,-44.211144
2797,317.047928,-43.556765
2798,317.087151,-58.488025
2799,317.102558,-50.38606
2800,317.136402,-47.497021
2801,317.142119,-47.252495
2802,317.153369,-50.458915
2803,317.163139,-46.954331
2804,317.168452,0.094432
2805,317.176321,-1.315361
2806,317.208101,-47.605987
2807,317.21517,-47.140598
2808,317.234944,-48.161168
2809,317.236582,-43.440448
2810,317.247765,-43.595923
2811,317.260015,-43.601629
2812,317.261799,-47.304587
2813,317.26792,-47.352079
2814,317.289689,-43.803652
2815,317.297131,-43.454521
2816,317.339605,-46.880161
2817,317.343559,-45.831496
2818,317.349981,-58.636963
2819,317.356185,-50.084901
2820,317.378523,-58.397968
2821,317.400521,-47.202879
2822,317.412949,-47.464679
2823,317.413897,-43.72157
2824,317.46733,-43.793616
2825,317.537877,-42.451191
2826,317.596403,0.130599
2827,317.63037,-58.551273
2828,317.642433,-54.817219
2829,317.644407,-41.54888
2830,317.66418,-46.222088
2831,317.666425,-46.034077
2832,317.669354,-46.237159
2833,317.686161,-1.10425
2834,317.69598,-43.327949
2835,317.715592,-46.677249
2836,317.716854,-43.687229
2837,317.726006,-43.964322
2838,317.739491,-43.749807
2839,317.74957,-42.781861
2840,317.793541,-58.279087
2841,317.796964,-47.296699
2842,317.85085,-49.754373
2843,317.868797,-46.280383
2844,317.895623,-58.46517
2845,317.907997,-47.257718
2846,317.935813,-46.283038
2847,317.968896,-46.426629
2848,317.977155,-43.243697
2849,317.998269,-41.171221
2850,318.019951,-42.292037
2851,318.046159,-51.347679
2852,318.070471,-46.207115
2853,318.103181,-0.170348
2854,318.10504,-46.093393
2855,318.135461,-44.198304
2856,318.160919,-46.264461
2857,318.217999,-1.389045
2858,318.22089,-43.741864
2859,318.250989,-1.085393
2860,318.271132,-1.435403
2861,318.310082,-43.028153
2862,318.328397,-58.435879
2863,318.34381,-42.151836
2864,318.430493,-42.706423
2865,318.434339,-50.305447
2866,318.466272,0.276166
2867,318.493422,-0.128263
2868,318.560814,-43.12957
2869,318.675287,-0.072564
2870,318.712252,-41.721042
2871,318.716157,-42.033799
2872,318.771963,-0.192163
2873,318.82601,-42.399209
2874,318.885762,-42.437158
2875,318.926008,-42.405914
2876,318.947239,-42.164374
2877,318.97502,-43.17878
2878,319.000646,-43.413882
2879,319.004144,-50.661542
2880,319.015837,-41.750972
2881,319.078546,-42.454968
2882,319.108336,-0.945284
2883,319.139818,-42.113512
2884,319.140161,0.062176
2885,319.170949,-50.868948
2886,319.179536,-59.006685
2887,319.210674,-42.18356
2888,319.216128,-59.969594
2889,319.219075,-41.642489
2890,319.247023,0.150553
2891,319.303601,-60.174358
2892,319.354658,-41.340449
2893,319.379421,0.540307
2894,319.432914,-42.070937
2895,319.504166,-41.786159
2896,319.532728,-40.961599
2897,319.68175,-0.830046
2898,319.726664,-41.327135
2899,319.759872,-59.315517
2900,319.775548,-59.943599
2901,319.792614,-41.471603
2902,319.798491,-42.111531
2903,320.056751,-58.973987
2904,320.062592,1.383854
2905,320.178844,-59.420976
2906,320.408533,-59.399501
2907,320.692542,-59.426207
2908,320.799104,-1.347142
2909,320.950466,-59.922924
2910,321.092265,-0.089797
2911,321.134558,0.098845
2912,321.20401,-1.222491
2913,321.673978,-60.112974
2914,321.742825,-1.136145
2915,321.814657,0.187006
2916,321.976834,-1.4062169999999998
2917,322.051509,-0.756419
2918,322.152402,0.614107
2919,322.239957,0.349945
2920,322.314686,-0.627064
2921,322.324001,-1.422887
2922,322.351776,-0.609678
2923,322.367536,-0.213649
2924,322.466945,-0.547711
2925,322.468224,-0.690319
2926,322.488724,-0.58123
2927,322.557202,-0.515688
2928,322.665168,-0.361605
2929,322.781974,-0.228431
2930,322.824376,-45.771878
2931,322.873209,-0.072999
2932,322.88331,-0.918891
2933,322.894723,-45.640445
2934,322.950998,-1.021585
2935,322.96279,-44.743028
2936,322.994056,-46.023577
2937,323.053413,-1.20165
2938,323.351742,-45.059601
2939,323.607191,-45.967132
2940,323.610553,-45.066531
2941,323.667132,-0.620317
2942,323.698263,-0.260036
2943,323.854032,-44.723068
2944,323.890557,-0.576006
2945,323.947674,-46.048126
2946,324.059208,-45.720789
2947,324.111897,0.047597
2948,324.433877,0.239309
2949,324.446126,0.398239
2950,324.540948,0.181623
2951,324.760805,-44.799887
2952,324.811385,1.116554
2953,324.865626,-1.968803
2954,325.011373,-1.781721
2955,325.063255,-47.81652
2956,325.174839,0.700223
2957,325.205715,-0.030445
2958,325.216273,-1.991458
2959,325.318211,-0.688117
2960,325.350725,-1.372434
2961,325.376965,-1.50411
2962,325.38228,-0.213556
2963,325.418349,-47.61723
2964,325.550361,-1.014582
2965,325.610934,-48.464096
2966,325.680888,-0.229674
2967,325.699333,0.679067
2968,325.771074,-47.851082
2969,325.819555,-48.327286
2970,325.888342,-0.242452
2971,325.909508,-0.466851
2972,325.911367,-1.882717
2973,325.948729,-2.068493
2974,325.99631,-47.677146
2975,326.043177,-48.519158
2976,326.049755,-1.570346
2977,326.057561,-47.149545
2978,326.087043,-1.648605
2979,326.254057,-48.302166
2980,326.312138,-0.813748
2981,326.449943,-47.918494
2982,326.464874,-48.374399
2983,326.486876,-48.516863
2984,326.768273,-1.435308
2985,326.916666,-1.226654
2986,326.995119,-1.375189
2987,327.012428,-2.164579
2988,327.018379,-0.028796
2989,327.057489,-1.5951
2990,327.198379,-47.919764
2991,327.336887,0.240354
2992,327.391744,-1.979449
2993,327.459939,-1.998799
2994,327.46714,-1.532154
2995,327.480425,0.151404
2996,327.70248,-1.855373
2997,327.763406,-0.952436
2998,327.919925,-1.812544
2999,327.919991,0.308579
3000,327.939155,-2.312791
3001,328.019697,-0.875905
3002,328.116636,-2.07892
3003,328.164391,-1.924809
3004,328.193878,-1.302804
3005,328.231017,-1.302271
3006,328.382766,-0.688968
3007,328.413796,-1.289926
3008,328.436699,0.025273
3009,328.438314,-0.852741
3010,328.455537,-1.147902
3011,328.492882,-2.058719
3012,328.62439,0.263269
3013,328.677492,-1.759167
3014,328.840776,-1.323059
3015,329.032888,-1.489152
3016,329.109998,-0.74891
3017,329.187287,-1.432011
3018,329.195681,-1.600011
3019,329.213169,-1.52464
3020,329.224853,-0.30433
3021,329.22778,-1.859257
3022,329.250543,-2.036998
3023,329.855114,-1.081083
3024,329.884266,-2.008405
3025,329.897526,-0.636857
3026,329.928275,-1.629954
3027,329.991135,-1.931301
3028,330.04355,-1.885083
3029,330.152311,-1.822841
3030,330.167601,-1.176583
3031,330.236435,-1.108067
3032,330.335302,-47.237239
3033,330.419992,-45.86609
3034,330.441123,-2.15996
3035,330.592086,-1.587834
3036,330.788518,-46.769726
3037,330.864207,-1.817604
3038,330.880782,-1.041325
3039,330.884912,-46.466833
3040,330.94181,-1.119998
3041,331.047206,-0.822897
3042,331.087788,-0.180981
3043,331.156126,-1.779588
3044,331.247631,-46.77805
3045,331.252058,-2.031834
3046,331.342876,-1.815924
3047,331.386002,-2.026735
3048,331.4376,-0.861268
3049,331.521749,-0.51435
3050,331.532998,-0.801204
3051,331.712084,-1.667819
3052,331.789471,-46.414607
3053,331.799504,-0.200486
3054,331.845074,-1.23279
3055,331.960019,-2.060643
3056,331.989103,-1.652738
3057,332.135299,-0.90638
3058,332.153177,-0.601513
3059,332.162932,-49.734249
3060,332.215375,-1.19849
3061,332.287117,-1.612686
3062,332.316959,0.001318
3063,332.33627,-49.063795
3064,332.353567,-49.922251
3065,332.400579,-0.211022
3066,332.555169,-1.360605
3067,332.770861,-0.611829
3068,332.812697,-1.19231
3069,332.824558,-1.288494
3070,332.934324,-0.418996
3071,333.04324,-49.505354
3072,333.0959,-0.518128
3073,333.097859,0.099072
3074,333.12532,-0.1890929999999999
3075,333.163513,-0.959792
3076,333.18166,-48.733254
3077,333.201353,-0.489965
3078,333.27729,-48.969249
3079,333.282709,-1.255321
3080,333.469071,-1.633269
3081,333.505476,-2.075865
3082,333.55157,-1.685479
3083,333.65187,-0.237172
3084,333.674093,0.738906
3085,333.681592,-1.917359
3086,333.705431,-0.221939
3087,333.811669,-0.25184
3088,333.916948,-1.72583
3089,333.964889,-48.635753
3090,333.986619,-49.968179
3091,334.026459,-1.658841
3092,334.072143,-1.965194
3093,334.077285,-2.023246
3094,334.118455,0.000546
3095,334.126094,-0.412331
3096,334.181853,-49.301945
3097,334.257953,-0.145534
3098,334.285948,-49.43548
3099,334.30126,-0.956054
3100,334.37484,-1.294699
3101,334.547735,-1.356837
3102,334.570266,-48.792383
3103,334.593523,-0.993564
3104,334.655615,-48.727527
3105,334.67288,-49.276891
3106,334.747589,-1.84056
3107,335.082363,-1.258658
3108,335.098077,0.310262
3109,335.121473,-1.269447
3110,335.159995,-0.069633
3111,335.292213,-1.90743
3112,335.298899,-0.935101
3113,335.315782,-0.971782
3114,335.395918,-1.64291
3115,335.420802,0.575024
3116,335.472175,-0.275966
3117,335.554716,-0.754363
3118,335.590391,-2.091793
3119,335.602138,-1.389205
3120,335.687861,-0.832247
3121,335.746687,-1.841077
3122,335.830247,-1.172432
3123,335.898888,-0.406868
3124,335.942395,-0.193039
3125,336.008332,1.039522
3126,336.123187,-0.627217
3127,336.485017,-0.858749
3128,336.50098,-0.27778
3129,336.517143,0.421633
3130,336.563166,-1.383807
3131,336.60521,-0.671207
3132,336.73749,-1.680762
3133,336.780213,-1.87425
3134,336.787534,-0.780796
3135,336.855275,-1.087817
3136,336.865002,0.265581
3137,336.911728,-1.67729
3138,337.009495,-1.173459
3139,337.125774,-2.012551
3140,337.141828,-0.841554
3141,337.305539,0.00066
3142,337.307512,-1.215274
3143,337.313257,-1.319932
3144,337.335681,-0.951128
3145,337.341551,-0.198513
3146,337.350252,-1.03969
3147,337.456115,-1.84535
3148,337.472964,-0.38605
3149,337.492602,-0.466849
3150,337.499694,-0.277226
3151,337.68234,0.14893
3152,337.747067,-2.150267
3153,337.872025,-1.114747
3154,338.187588,-1.250317
3155,338.366352,0.603728
3156,338.471384,-1.790492
3157,338.502004,-0.652871
3158,338.550023,0.32864
3159,338.552935,-0.929563
3160,338.587194,-1.961423
3161,338.65539,-1.828267
3162,338.990414,-0.920989
3163,339.011388,0.713978
3164,339.162532,-1.931795
3165,339.222701,-1.667497
3166,339.260112,0.837806
3167,339.262463,-0.687157
3168,339.330301,0.264439
3169,339.463198,0.520324
3170,339.529641,0.225735
3171,339.593681,-40.321169
3172,339.696401,-1.272992
3173,339.740223,0.133421
3174,339.792952,-0.438608
3175,339.815226,-1.607612
3176,339.842558,-0.858056
3177,339.949672,-39.992032
3178,340.054982,-0.949956
3179,340.075446,-0.508506
3180,340.106522,-39.631256
3181,340.128933,-1.421725
3182,340.166901,-40.210592
3183,340.169556,-0.684354
3184,340.334814,-39.783447
3185,340.350531,-0.364465
3186,340.404891,-0.270837
3187,340.415691,-0.439265
3188,340.455781,-0.239686
3189,340.507819,-1.3426
3190,340.544976,-40.748777
3191,340.663039,-60.308041
3192,340.697267,-59.285092
3193,340.719036,-2.103965
3194,340.762915,1.111719
3195,340.78179,-40.079612
3196,340.792101,-59.225178
3197,340.805439,-0.910957
3198,340.823594,-40.061873
3199,340.897686,-1.214913
3200,340.910897,-0.532668
3201,340.913784,-1.699074
3202,341.063092,-57.837612
3203,341.063406,-0.163583
3204,341.077805,-40.866366
3205,341.114188,-0.504037
3206,341.177503,0.59374
3207,341.187291,-0.087081
3208,341.18838,-0.192207
3209,341.233122,-1.627265
3210,341.411392,-1.77868
3211,341.423263,0.519308
3212,341.45359,-0.847981
3213,341.485819,0.010239
3214,341.569466,-0.648898
3215,341.608698,-1.431373
3216,341.615833,-40.699473
3217,341.644301,-59.855281
3218,341.652514,1.04486
3219,341.718281,-1.423124
3220,341.793262,-59.123107
3221,341.795286,0.587264
3222,341.81452,-1.129438
3223,341.826256,-0.360676
3224,341.86276,-58.342534
3225,341.863322,-58.295271
3226,341.90605,-58.338922
3227,342.025415,0.650037
3228,342.034834,-1.234234
3229,342.058984,-59.948111
3230,342.087024,-59.310026
3231,342.095176,0.400529
3232,342.099959,-57.83617
3233,342.34261,0.227072
3234,342.350424,-58.341258
3235,342.375513,-0.629689
3236,342.376384,-1.258318
3237,342.377176,0.359452
3238,342.396217,-0.341434
3239,342.410838,-0.12796
3240,342.498863,-1.400975
3241,342.55539,-1.286141
3242,342.599847,0.293732
3243,342.607789,-0.086429
3244,342.659812,-58.208503
3245,342.660926,-1.014047
3246,342.687413,-59.001516
3247,342.752737,-57.433533
3248,342.844063,0.032205
3249,342.884884,-0.970542
3250,342.92219,-1.807388
3251,342.966116,-1.397821
3252,342.974558,-0.367431
3253,343.119457,-1.620597
3254,343.149311,-0.934196
3255,343.159017,-1.045441
3256,343.1875,-1.467751
3257,343.192225,-59.258678
3258,343.230778,-57.54731
3259,343.234661,-0.434375
3260,343.252803,-0.668273
3261,343.285414,-1.579411
3262,343.38587,-0.383695
3263,343.454789,-0.038153
3264,343.500894,0.289681
3265,343.61866,0.389475
3266,344.036757,-1.339647
3267,344.159566,-1.667551
3268,344.330164,0.506403
3269,344.345079,-1.915754
3270,344.391199,0.923895
3271,344.459746,-0.221814
3272,344.461629,0.682121
3273,344.490541,-1.319902
3274,344.574364,-2.083654
3275,344.637923,-0.001669
3276,344.763227,-1.25165
3277,344.803312,-0.019519
3278,344.803915,-0.233454
3279,344.868554,-2.05309
3280,344.89589,-0.245162
3281,344.923893,-2.061272
3282,345.128561,-1.753155
3283,345.301951,0.508911
3284,345.571399,-2.149132
3285,345.835508,-1.572009
3286,345.997914,-56.29625
3287,346.015244,-0.141616
3288,346.087963,1.057585
3289,346.117437,-0.233679
3290,346.337617,-0.152617
3291,346.487941,-0.641081
3292,346.548964,-1.355986
3293,346.58931,0.183861
3294,346.640028,-0.738418
3295,346.669084,-1.308641
3296,346.780105,-1.19343
3297,346.789357,-0.669928
3298,346.840027,-0.516412
3299,347.19782,0.355123
3300,347.198493,-0.483963
3301,347.216759,-55.798698
3302,347.32161,-0.800089
3303,347.414362,-0.741424
3304,347.509323,1.045095
3305,347.610605,-0.694864
3306,347.718835,-1.174864
3307,347.948748,0.332323
3308,347.988256,0.524808
3309,348.058382,-1.147833
3310,348.130314,-1.210582
3311,348.212767,-1.010563
3312,348.267163,0.288876
3313,348.341378,-1.350207
3314,348.409871,-1.88124
3315,348.419833,0.144455
3316,348.440299,-1.8852
3317,348.451159,-1.917477
3318,348.470964,-2.063092
3319,348.485195,-1.781753
3320,348.492231,-2.001015
3321,348.571308,-1.990372
3322,348.602769,-1.727651
3323,348.739225,-1.752202
3324,348.755729,-1.745999
3325,348.773691,-1.773693
3326,348.80835,-0.844713
3327,348.825699,-0.525519
3328,348.931122,-1.727557
3329,348.970912,-0.698988
3330,349.031782,-2.176148
3331,349.041277,-2.040842
3332,349.249518,-0.478515
3333,349.378245,-2.023874
3334,349.440127,-1.277481
3335,349.526607,-1.458445
3336,349.597347,0.610595
3337,349.659056,-1.109959
3338,349.664418,-1.34386
3339,349.695364,0.348331
3340,349.747789,0.3091
3341,349.780055,0.152882
3342,349.802785,-1.020255
3343,349.96474,-1.188747
3344,350.030546,-1.425875
3345,350.033681,0.404353
3346,350.082351,1.061279
3347,350.112556,-0.306248
3348,350.133794,-0.129598
3349,350.216929,0.677159
3350,350.286918,0.460943
3351,350.348443,-1.278911
3352,350.350296,-0.035001
3353,350.366435,-0.693132
3354,350.568873,-0.028025
3355,350.679112,0.669976
3356,350.714916,0.227881
3357,350.745999,-0.003312
3358,350.820995,-1.863966
3359,350.878848,-0.562652
3360,351.139886,-0.290905
3361,351.181515,-0.745401
3362,351.234015,0.296782
3363,351.246347,-0.725698
3364,351.251739,-0.10371
3365,351.254941,-0.067821
3366,351.299344,-1.783148
3367,351.362885,-0.351272
3368,351.536221,-0.967666
3369,351.80923,-0.723729
3370,352.000565,-1.224642
3371,352.161049,-1.467261
3372,352.450887,-0.802169
3373,352.492088,-1.104244
3374,352.497581,0.146187
3375,352.560583,-0.031194
3376,352.590056,-0.983238
3377,352.624607,0.124619
3378,352.678502,0.232795
3379,352.7734,-1.549699
3380,352.800509,0.2571
3381,352.964937,-1.475992
3382,352.974078,-0.635635
3383,352.975611,-0.213613
3384,352.985157,-1.469365
3385,353.035606,-2.157288
3386,353.087034,0.394214
3387,353.103648,-0.585796
3388,353.232358,0.710817
3389,353.360668,-0.357574
3390,353.396189,-1.74315
3391,353.468465,-1.815671
3392,353.508701,0.578598
3393,353.692087,-0.992546
3394,353.722602,1.207298
3395,353.731701,-1.77966
3396,353.852606,-40.728155
3397,353.956922,-1.562055
3398,354.164038,-1.720436
3399,354.230226,-1.44865
3400,354.277315,-0.06001
3401,354.433925,0.035135
3402,354.439791,-0.422582
3403,354.442768,-54.089049
3404,354.547626,-1.599842
3405,354.82506,-41.474089
3406,354.899268,-0.336954
3407,354.909453,0.022563
3408,355.029139,-0.506945
3409,355.075975,-54.529461
3410,355.14653,-42.192297
3411,355.287585,-41.932108
3412,355.397968,0.432921
3413,355.417901,-1.385544
3414,355.48523,0.177687
3415,355.490834,-1.084894
3416,355.69917,-54.848925
3417,355.787584,0.275807
3418,355.907624,0.64461
3419,356.002071,0.445306
3420,356.050801,0.591615
3421,356.053705,0.821004
3422,356.087733,-54.227548
3423,356.158483,-0.690382
3424,356.265459,0.185994
3425,356.278395,0.530231
3426,356.3173,-1.690967
3427,356.375408,-1.509852
3428,356.390162,-0.122059
3429,356.496578,-0.971002
3430,356.672846,-1.645046
3431,356.793548,-0.635178
3432,356.822083,-2.074759
3433,356.881959,-0.620605
3434,356.887629,-1.713712
3435,356.894731,-1.519565
3436,356.977415,-1.648949
3437,356.978994,-1.204642
3438,357.029059,-2.134918
3439,357.096336,-0.61246
3440,357.1496,-2.162404
3441,357.26988,-0.528849
3442,357.318846,-0.97367
3443,357.342599,-1.086788
3444,357.507217,-1.54188
3445,357.549387,-1.847692
3446,357.757294,-0.921054
3447,357.774256,-0.888619
3448,357.823712,-0.463384
3449,357.868494,-0.458602
3450,358.272895,-1.773826
3451,358.416654,-59.199152
3452,358.427149,-2.097607
3453,358.497433,0.45425
3454,358.567128,-1.136063
3455,358.586679,-1.753874
3456,358.615832,0.322258
3457,358.656827,-59.858612
3458,358.818041,-1.137625
3459,358.839797,-58.826534
3460,358.863269,0.324273
3461,358.870155,-1.667909
3462,358.896213,-58.909554
3463,358.935514,0.332707
3464,358.94588,-1.25991
3465,358.977843,-1.18079
3466,359.035084,0.614076
3467,359.059077,-60.129324
3468,359.059862,-1.572545
3469,359.084236,-0.361916
3470,359.095703,-0.336801
3471,359.127551,-0.994118
3472,359.186943,-0.306686
3473,359.299872,-0.019996
3474,359.313421,0.241933
3475,359.35606,-1.610465
3476,359.489695,-0.330156
3477,359.702495,0.195419
3478,359.71829,-0.128995
3479,359.807742,-59.047916
3480,359.886486,-0.880669
3481,359.919326,-59.06246
3482,359.987457,-58.719222
